year,iso,debt_share
1871,BEL,0.015225448115037916
1871,DEU,0.09078147235290648
1871,GBR,0.4202577582567666
1871,ITA,0.1760373115737478
1871,NLD,0.0406398720380938
1871,PRT,0.03514868016194226
1871,SWE,0.003539580938445642
1871,USA,0.21836987656305948
1872,BEL,0.0154629628056855
1872,DEU,0.06833215716434099
1872,GBR,0.43551166360256865
1872,ITA,0.18184690206526632
1872,NLD,0.0420413639503388
1872,PRT,0.03655872503036818
1872,SWE,0.0037221708387854893
1872,USA,0.21652405454264614
1873,BEL,0.020949620902256633
1873,DEU,0.06814992965158465
1873,GBR,0.4316164170380201
1873,ITA,0.1815663218797276
1873,NLD,0.04306332605295965
1873,PRT,0.03781442022354063
1873,SWE,0.003689252729528882
1873,USA,0.2131507115223819
1874,BEL,0.021561014293818955
1874,DEU,0.06458074963837124
1874,GBR,0.43506568624070313
1874,ITA,0.17252619234764846
1874,NLD,0.043149294081892144
1874,PRT,0.04156778073091803
1874,SWE,0.003916390294490483
1874,USA,0.2176328923721576
1875,BEL,0.021731939687798386
1875,DEU,0.0710126236656131
1875,GBR,0.4279657961374706
1875,ITA,0.18016828024181308
1875,NLD,0.04277962579347967
1875,PRT,0.04236132002733537
1875,SWE,0.00418189232883126
1875,USA,0.20979852211765843
1876,BEL,0.02199187020364301
1876,DEU,0.08133125863832515
1876,GBR,0.41272879112760497
1876,ITA,0.19384711296917953
1876,NLD,0.04072594921799961
1876,PRT,0.04120201403628622
1876,SWE,0.005015522697576077
1876,USA,0.2031574811093854
1877,BEL,0.023432434398308128
1877,DEU,0.09050795671130328
1877,GBR,0.4002087684058384
1877,ITA,0.18977617969383603
1877,NLD,0.03980223482601309
1877,PRT,0.041955786017271714
1877,SWE,0.005046328717219673
1877,USA,0.20927031123020973
1878,BEL,0.024713729860208825
1878,DEU,0.08964811160119815
1878,GBR,0.39160825608877525
1878,ITA,0.18734508179848416
1878,NLD,0.03906888247202526
1878,PRT,0.04369530932556125
1878,SWE,0.005769461017708097
1878,USA,0.21815116783603902
1879,BEL,0.02429119076413802
1879,DEU,0.10501750930075264
1879,GBR,0.3800091957146494
1879,ITA,0.17815461401877514
1879,NLD,0.0379449597928547
1879,PRT,0.04296692080762676
1879,SWE,0.005778030082755256
1879,USA,0.22583757951844805
1880,BEL,0.018429447676702338
1880,DEU,0.08093781345615458
1880,DNK,0.0036616369886018226
1880,FRA,0.313300220251528
1880,GBR,0.257900009920744
1880,ITA,0.12203063947493488
1880,NLD,0.026306449267725733
1880,NOR,0.0020438865167175225
1880,PRT,0.03048173719922326
1880,SWE,0.004142860233833551
1880,USA,0.1407652990138343
1881,BEL,0.018103272302746536
1881,DEU,0.08105828140274655
1881,DNK,0.003447594991231536
1881,FRA,0.310812081095204
1881,GBR,0.24631807333213934
1881,ITA,0.1364646225472771
1881,JPN,0.014553011589138805
1881,NLD,0.025215137700492423
1881,NOR,0.001957990143105212
1881,PRT,0.028363257419833695
1881,SWE,0.004002305262100046
1881,USA,0.1297043722139847
1882,BEL,0.01969517813823309
1882,DEU,0.0878679798578822
1882,DNK,0.003417253928500778
1882,FRA,0.30860003232043587
1882,GBR,0.24280631021229354
1882,ITA,0.14485631626361092
1882,JPN,0.01400016410781832
1882,NLD,0.025414872928992086
1882,NOR,0.001943885072959371
1882,PRT,0.029401693052486452
1882,SWE,0.0039060200728037358
1882,USA,0.11809029404398368
1883,BEL,0.02142093856042853
1883,DEU,0.09460392233676167
1883,DNK,0.003332463578499006
1883,FRA,0.31799113948653146
1883,GBR,0.23822305925214865
1883,ITA,0.14325168878028452
1883,JPN,0.013012988739860946
1883,NLD,0.02504402711775955
1883,NOR,0.0018734838787092384
1883,PRT,0.029597882121217677
1883,SWE,0.0038112008611939714
1883,USA,0.10783720528660483
1884,BEL,0.02179603584383724
1884,DEU,0.10487111486356983
1884,DNK,0.003343532170587367
1884,FRA,0.3339920722391824
1884,GBR,0.21296758003387548
1884,ITA,0.14507969842433255
1884,JPN,0.013788931885695183
1884,NLD,0.02560525641064685
1884,NOR,0.0019148784594868959
1884,PRT,0.029770693060065537
1884,SWE,0.003881283769439387
1884,USA,0.10298892283928131
1885,BEL,0.021404838769603123
1885,DEU,0.10665181871061831
1885,DNK,0.0032478356744474425
1885,FRA,0.33947416869875124
1885,GBR,0.21171908124660666
1885,ITA,0.14132181385110817
1885,JPN,0.01352055622585172
1885,NLD,0.02555099040656315
1885,NOR,0.00188831987843735
1885,PRT,0.03251451740468494
1885,SWE,0.004123364410806874
1885,USA,0.09858269472252096
1886,BEL,0.022960704038301735
1886,DEU,0.10738103768077321
1886,DNK,0.003238216044062477
1886,FRA,0.3420938219226138
1886,GBR,0.20995384442618145
1886,ITA,0.14146429552614262
1886,JPN,0.012145446867229445
1886,NLD,0.025760198062356753
1886,NOR,0.0019296405502142319
1886,PRT,0.032936673815753305
1886,SWE,0.00406243383172757
1886,USA,0.09607368723464345
1887,BEL,0.02262562074602456
1887,DEU,0.11406679678536795
1887,DNK,0.003150698180586356
1887,FRA,0.3437367408749414
1887,GBR,0.2078108590613487
1887,ITA,0.14020689087391897
1887,JPN,0.012154208717710936
1887,NLD,0.028257731668305627
1887,NOR,0.0018802943647079557
1887,PRT,0.03287080308488834
1887,SWE,0.004009239714676584
1887,USA,0.08923011592752268
1888,BEL,0.022766874806567604
1888,DEU,0.11442806116720974
1888,DNK,0.0031109509044614614
1888,FRA,0.3496717353727557
1888,GBR,0.2009768334698609
1888,ITA,0.14528419371390378
1888,JPN,0.011258708533553293
1888,NLD,0.028299396097270113
1888,NOR,0.0020555217801638665
1888,PRT,0.033685267983772985
1888,SWE,0.004313415331249054
1888,USA,0.08414904083923148
1889,BEL,0.023325631744374974
1889,DEU,0.12309576148471196
1889,DNK,0.0030613035880989008
1889,FRA,0.3515847761150275
1889,GBR,0.19442820535736682
1889,ITA,0.14845709365731072
1889,JPN,0.011382796068720299
1889,NLD,0.028259604576276
1889,NOR,0.0020235269671133715
1889,PRT,0.03442386130179742
1889,SWE,0.004207870472647141
1889,USA,0.07574956866655502
1890,BEL,0.023427789943794155
1890,DEU,0.13114344342498452
1890,DNK,0.003023386943158999
1890,FRA,0.35061977590038185
1890,GBR,0.1931173091604016
1890,ITA,0.14750559844060304
1890,JPN,0.013817984755190032
1890,NLD,0.02811304905946971
1890,NOR,0.002041250964616885
1890,PRT,0.035151094340908115
1890,SWE,0.004192477950313386
1890,USA,0.06784683911617767
1891,BEL,0.023454499252967827
1891,DEU,0.14421948562711986
1891,DNK,0.0029480149609390836
1891,FRA,0.3483435185973432
1891,GBR,0.19187055622382795
1891,ITA,0.14903750091510723
1891,JPN,0.011597193986973701
1891,NLD,0.027720185898461574
1891,NOR,0.0021430791019232866
1891,PRT,0.03479165046013497
1891,SWE,0.004214438775163997
1891,USA,0.0596598762000373
1892,BEL,0.023963167999837068
1892,DEU,0.15100110325166757
1892,DNK,0.002923179823775575
1892,FRA,0.35067640162225644
1892,GBR,0.19087455845289647
1892,ITA,0.14845291827410673
1892,JPN,0.010993188271828607
1892,NLD,0.02782413217348526
1892,NOR,0.0021507924067927773
1892,PRT,0.02950626434385854
1892,SWE,0.004359898800098382
1892,USA,0.05727439457939656
1893,BEL,0.023254568123243172
1893,DEU,0.15498167998438006
1893,DNK,0.0028879833202511925
1893,FRA,0.35405717852489205
1893,GBR,0.18994600395733802
1893,ITA,0.141905971167797
1893,JPN,0.008410693701621298
1893,NLD,0.028580041657897327
1893,NOR,0.0027482716559291648
1893,PRT,0.03204872028142913
1893,SWE,0.004413583259286351
1893,USA,0.05676530436593524
1894,BEL,0.022925201702406185
1894,DEU,0.15868552116751852
1894,DNK,0.0032774943600586493
1894,FRA,0.3513050141079986
1894,GBR,0.1848548321222634
1894,ITA,0.14354317546953127
1894,JPN,0.011305937619564263
1894,NLD,0.028284828905286268
1894,NOR,0.00243279857965581
1894,PRT,0.02947962197078872
1894,SWE,0.004602053216773075
1894,USA,0.059303520778155205
1895,BEL,0.02381495175894744
1895,DEU,0.16298285132900436
1895,DNK,0.003068327765010316
1895,FRA,0.34400966550571355
1895,GBR,0.18172818508218938
1895,ITA,0.14710616977194615
1895,JPN,0.010752321293302926
1895,NLD,0.027474274032635363
1895,NOR,0.0026263523362048046
1895,PRT,0.029351703535881374
1895,SWE,0.00442255191314492
1895,USA,0.06266264567601934
1896,BEL,0.0239892823884888
1896,DEU,0.16719630002647645
1896,DNK,0.0030242692390092412
1896,FRA,0.3349297182122961
1896,GBR,0.1787047496395506
1896,ITA,0.14673935474752764
1896,JPN,0.01110960554396738
1896,NLD,0.027722083873863296
1896,NOR,0.002986303214291205
1896,PRT,0.029073185828532775
1896,SWE,0.004498960905451365
1896,USA,0.07002618638054516
1897,BEL,0.024897583567521236
1897,DEU,0.169458675688344
1897,DNK,0.003167780702695029
1897,FRA,0.329735294457433
1897,GBR,0.17832696709814297
1897,ITA,0.15067065998154552
1897,JPN,0.011203252627801084
1897,NLD,0.027593757821938857
1897,NOR,0.0029604780944379244
1897,PRT,0.02810604509728993
1897,SWE,0.004414234659729146
1897,USA,0.06946527020312143
1898,BEL,0.026726805610993613
1898,DEU,0.17477039706694897
1898,DNK,0.003121252209363876
1898,FRA,0.32681724973423704
1898,GBR,0.17615973256567755
1898,ITA,0.14834277178011301
1898,JPN,0.012628972028104958
1898,NLD,0.02801110965041548
1898,NOR,0.0032220332535980436
1898,PRT,0.025780659031318844
1898,SWE,0.0043394255166430955
1898,USA,0.07007959155258564
1899,BEL,0.026716445496692866
1899,DEU,0.175319893443401
1899,DNK,0.0030756354724332615
1899,FRA,0.3214397059384569
1899,GBR,0.16983400310171098
1899,ITA,0.1482244026791152
1899,JPN,0.01310634083001643
1899,NLD,0.02855289793681301
1899,NOR,0.0035527832650400376
1899,PRT,0.025837965022140315
1899,SWE,0.0047171994129955
1899,USA,0.07962272740118445
1900,AUS,0.029438187796614296
1900,BEL,0.024164656019863735
1900,CHE,0.0010628966208190438
1900,DEU,0.15686400965282635
1900,DNK,0.0028333668345667763
1900,ESP,0.0927785188239461
1900,FRA,0.28407465446285
1900,GBR,0.14407759871488873
1900,ITA,0.13211672301122532
1900,JPN,0.012807865462329687
1900,NLD,0.025513534136973055
1900,NOR,0.0031715808349455196
1900,PRT,0.024971356401780165
1900,SWE,0.004478697673312348
1900,USA,0.061646353553058794
1901,AUS,0.026870346491671807
1901,BEL,0.02490499522469512
1901,CHE,0.0009981925302975034
1901,DEU,0.1638857866155221
1901,DNK,0.003129691940681284
1901,ESP,0.08821441727329073
1901,FRA,0.277911193406207
1901,GBR,0.15488543935262827
1901,ITA,0.1297722079824308
1901,JPN,0.013390031387095224
1901,NLD,0.02521620701571184
1901,NOR,0.0035049006057699342
1901,PRT,0.025084147219792116
1901,SWE,0.0044936417980627604
1901,USA,0.057738801156143486
1902,AUS,0.027406215425836385
1902,BEL,0.025556800224977118
1902,CHE,0.0009992878084328107
1902,DEU,0.16666300729729083
1902,DNK,0.0030090002293162764
1902,ESP,0.0873242453245417
1902,FRA,0.2695036568088229
1902,GBR,0.16459156027720165
1902,ITA,0.1293136931705671
1902,JPN,0.012809556476622271
1902,NLD,0.024455360784409096
1902,NOR,0.003380191321395714
1902,PRT,0.02664763032807135
1902,SWE,0.004347546120912792
1902,USA,0.05399224840160205
1903,AUS,0.027947546510306016
1903,BEL,0.02658575089878782
1903,CHE,0.001329862269306056
1903,DEU,0.1710038633405577
1903,DNK,0.0029479310251605394
1903,ESP,0.08258205725976055
1903,FRA,0.2661674133639403
1903,GBR,0.16943053294762905
1903,ITA,0.12982629408890417
1903,JPN,0.014278989339986536
1903,NLD,0.024239644428683125
1903,NOR,0.003426343635192195
1903,PRT,0.023448152072832316
1903,SWE,0.004269472043022039
1903,USA,0.052516146775931645
1904,AUS,0.027759089091833555
1904,BEL,0.02740660527059504
1904,CHE,0.0011226386532009111
1904,DEU,0.17509625279074997
1904,DNK,0.0028853999181203847
1904,ESP,0.0789878401295615
1904,FRA,0.26275601269676013
1904,GBR,0.16489399930397014
1904,ITA,0.12866819702368518
1904,JPN,0.022702062209916354
1904,NLD,0.024105735919267565
1904,NOR,0.00385621237068146
1904,PRT,0.024449100488166592
1904,SWE,0.004676082799519068
1904,USA,0.050634771333972095
1905,AUS,0.026962001154296353
1905,BEL,0.02705240765391399
1905,CHE,0.0011089830949673923
1905,DEU,0.17710516801932488
1905,DNK,0.0027355378165722912
1905,ESP,0.07866072389454222
1905,FRA,0.25301950924654887
1905,GBR,0.15644412551680037
1905,ITA,0.12436322511875594
1905,JPN,0.043855502763759914
1905,NLD,0.02376136940012151
1905,NOR,0.004090210153740319
1905,PRT,0.02791779231629652
1905,SWE,0.004699529128616795
1905,USA,0.048223914721742686
1906,AUS,0.02716180195638786
1906,BEL,0.026778444558414917
1906,CHE,0.0010356910313950903
1906,DEU,0.17774919390385768
1906,DNK,0.0027906517570075833
1906,ESP,0.08907631894186648
1906,FRA,0.24303123105389213
1906,GBR,0.15199192408918233
1906,ITA,0.12134387891696118
1906,JPN,0.05134174751652133
1906,NLD,0.023159260356124544
1906,NOR,0.003886070233398308
1906,PRT,0.028525392995025246
1906,SWE,0.004705835624227026
1906,USA,0.047422557065738294
1907,AUS,0.02684357503343727
1907,BEL,0.027342946233434876
1907,CHE,0.0010060888481167114
1907,DEU,0.1825416967701497
1907,DNK,0.002820273296638915
1907,ESP,0.08947110756204835
1907,FRA,0.24071612446509813
1907,GBR,0.14904203524124898
1907,ITA,0.12307007240826735
1907,JPN,0.050086571731234084
1907,NLD,0.023442403796827733
1907,NOR,0.0038134509890281124
1907,PRT,0.027203662091128632
1907,SWE,0.005126732809363552
1907,USA,0.04747325872397762
1908,AUS,0.026848026214560654
1908,BEL,0.028743316420996395
1908,CHE,0.0010257442766937529
1908,DEU,0.19601307274148505
1908,DNK,0.002769108956804598
1908,ESP,0.08626775429753258
1908,FRA,0.23940303382684341
1908,GBR,0.1411484772797077
1908,ITA,0.1236711360363319
1908,JPN,0.04926535277073698
1908,NLD,0.023536999058116466
1908,NOR,0.00377861708962688
1908,PRT,0.023903910645737606
1908,SWE,0.005656076831015891
1908,USA,0.04796937355381008
1909,AUS,0.02632574918300647
1909,BEL,0.028220885502385627
1909,CHE,0.0012234864821965964
1909,DEU,0.203126182275946
1909,DNK,0.003141494748034294
1909,ESP,0.08496440598579838
1909,FRA,0.24681497934581043
1909,GBR,0.13443369470060737
1909,ITA,0.11923866850818353
1909,JPN,0.05290519085903479
1909,NLD,0.02268648152319927
1909,NOR,0.003647559490638169
1909,PRT,0.022921567182140223
1909,SWE,0.0057561276258500296
1909,USA,0.04459352658716884
1910,AUS,0.027282485040518927
1910,BEL,0.028839261483738634
1910,CHE,0.0011846337163376865
1910,DEU,0.2052253651209147
1910,DNK,0.0034881899417621475
1910,ESP,0.07345046215921859
1910,FRA,0.2437130493699936
1910,GBR,0.13843840171469224
1910,ITA,0.12179889317134653
1910,JPN,0.05369595272618896
1910,NLD,0.02283914798066141
1910,NOR,0.004014343524219522
1910,PRT,0.02584891182579733
1910,SWE,0.005647695566042864
1910,USA,0.044533206658566894
1911,AUS,0.02019025005266477
1911,BEL,0.029833146059860417
1911,CHE,0.0011403793400692657
1911,DEU,0.20843914605295416
1911,DNK,0.0036956787291242484
1911,ESP,0.07292544623926912
1911,FRA,0.2472586371482883
1911,GBR,0.13339397100953126
1911,ITA,0.12356090416897181
1911,JPN,0.054580077999614035
1911,NLD,0.023615315136086567
1911,NOR,0.004026874504360221
1911,PRT,0.025610832726159743
1911,SWE,0.006421397057774825
1911,USA,0.04530794377527121
1912,AUS,0.030594264932714048
1912,BEL,0.030133779742951967
1912,CHE,0.0010967476549921182
1912,DEU,0.2070955886297457
1912,DNK,0.003654291043931546
1912,ESP,0.07193818795909579
1912,FRA,0.24323145111706376
1912,GBR,0.12841238045127426
1912,ITA,0.12421793383518114
1912,JPN,0.05536193830120627
1912,NLD,0.0233203342323167
1912,NOR,0.003903064692807699
1912,PRT,0.024810881061109794
1912,SWE,0.006233248284417002
1912,USA,0.04599590806119211
1913,AUS,0.03281712556619396
1913,BEL,0.030910402952115865
1913,CHE,0.0011058380871422431
1913,DEU,0.21473891717571525
1913,DNK,0.0036338951822094904
1913,ESP,0.07101889315857043
1913,FRA,0.24067148837621033
1913,GBR,0.12376987090017241
1913,ITA,0.12620187284427428
1913,JPN,0.05285875018243039
1913,NLD,0.023565286730986772
1913,NOR,0.0037062084112624827
1913,PRT,0.023177643235902032
1913,SWE,0.006567517433711247
1913,USA,0.04525628976310274
1914,AUS,0.03733992395152808
1914,CHE,0.002494200102743414
1914,DEU,0.21817554091346705
1914,DNK,0.003703401143710974
1914,ESP,0.07470583420713135
1914,FIN,0.0011218786142467834
1914,FRA,0.24452312999214038
1914,GBR,0.1260807992914825
1914,ITA,0.1382853840628757
1914,JPN,0.05120115837836743
1914,NLD,0.023942419226725162
1914,NOR,0.0035129436105555936
1914,PRT,0.021745871905612144
1914,SWE,0.007372450369802298
1914,USA,0.04579506422961115
1915,AUS,0.036801794315797394
1915,DEU,0.19886996487410483
1915,ESP,0.07105954451849024
1915,FIN,0.0008741230281293105
1915,FRA,0.22288614969782575
1915,GBR,0.1921957416343981
1915,ITA,0.13691637763275338
1915,JPN,0.04591945345824307
1915,NLD,0.02182383987996347
1915,NOR,0.004010597678200612
1915,PRT,0.01843203789245153
1915,SWE,0.008361144087552952
1915,USA,0.04184923130208938
1916,AUS,0.035866035203842565
1916,CHE,0.00500388661013641
1916,DEU,0.16090473345870326
1916,DNK,0.0037104006348305696
1916,ESP,0.06040698497080132
1916,FIN,0.0007590758305121946
1916,FRA,0.18033611325606025
1916,GBR,0.3032503371154775
1916,ITA,0.1292453289625745
1916,JPN,0.041092160054271236
1916,NLD,0.017657564032627773
1916,NOR,0.003303855469532073
1916,PRT,0.015528510021827712
1916,SWE,0.008111953890322184
1916,USA,0.0348230604884805
1917,AUS,0.03020695339290248
1917,CHE,0.005180369428633675
1917,DEU,0.11519450853564518
1917,DNK,0.0036005188943531046
1917,ESP,0.05207584846352202
1917,FIN,0.0007644344247732024
1917,FRA,0.1291057726595219
1917,GBR,0.40327971481675084
1917,ITA,0.13493543525431775
1917,JPN,0.030457987648314356
1917,NLD,0.012641358442057816
1917,NOR,0.0030299556236775796
1917,PRT,0.01107989406065982
1917,SWE,0.007896520236121609
1917,USA,0.060550728118748676
1918,AUS,0.02631600798818818
1918,CHE,0.005248949817536232
1918,DEU,0.08022615854967961
1918,DNK,0.0025857769888198833
1918,ESP,0.03969813689157769
1918,FIN,0.0016810316448487744
1918,FRA,0.08991453081165475
1918,GBR,0.40787208018285775
1918,ITA,0.12208972397058573
1918,JPN,0.0238789054728382
1918,NLD,0.008803958101371146
1918,NOR,0.0029236992075592546
1918,PRT,0.008494115303508059
1918,SWE,0.006752162871512827
1918,USA,0.17351476219746195
1919,AUS,0.020957848512778092
1919,CHE,0.004307654841441585
1919,DNK,0.002076768458521393
1919,ESP,0.03414545505971429
1919,FRA,0.07275054310021961
1919,GBR,0.39479595908618287
1919,ITA,0.13743938132006234
1919,JPN,0.020794222101325272
1919,NLD,0.007123350670071098
1919,NOR,0.0023683270047658135
1919,PRT,0.00720887383838464
1919,SWE,0.0038406957541377625
1919,USA,0.2921909202523951
1920,AUS,0.027519774697888525
1920,CHE,0.005863763705164406
1920,DNK,0.0024356622262595795
1920,FIN,0.0010397112209007276
1920,GBR,0.5069219510397307
1920,JPN,0.03315351465474367
1920,NLD,0.010355989134938879
1920,NOR,0.002764897338354011
1920,SWE,0.004871056136784168
1920,USA,0.40507367984523523
1921,AUS,0.019570549398948117
1921,BEL,0.027589266692159213
1921,CHE,0.00392325107254401
1921,DNK,0.001910096669650389
1921,ESP,0.01975159178451055
1921,FRA,0.2491883370617953
1921,GBR,0.304645342590076
1921,ITA,0.07738680645256105
1921,JPN,0.022507753125791275
1921,NLD,0.014903861135895776
1921,NOR,0.0019018196379888383
1921,SWE,0.0038918306392987916
1921,USA,0.2528294937387807
1922,AUS,0.021197865997103847
1922,BEL,0.028839776928697224
1922,CHE,0.003851824474479282
1922,DNK,0.0021505999647674166
1922,ESP,0.022234795322224474
1922,FIN,0.0004073665511697553
1922,FRA,0.27475242238463543
1922,GBR,0.3192115172576576
1922,ITA,0.07379724206461355
1922,JPN,0.01997670223384753
1922,NLD,0.01557985057019408
1922,NOR,0.0022079113441737298
1922,PRT,0.002435869127385794
1922,SWE,0.0038066853985045273
1922,USA,0.20954957038054559
1923,AUS,0.02345511084009625
1923,BEL,0.022052734439825063
1923,CHE,0.003987462511088866
1923,DNK,0.001959351119552897
1923,ESP,0.022122706739896653
1923,FIN,0.0005973212439407408
1923,FRA,0.236399550929282
1923,GBR,0.34866875882115567
1923,ITA,0.08075143942175632
1923,JPN,0.024510558697904434
1923,NLD,0.017549230382261923
1923,NOR,0.0019713949021762005
1923,SWE,0.00391649248346286
1923,USA,0.21205788746760024
1924,AUS,0.0253075961413013
1924,BEL,0.020703828859363713
1924,CHE,0.004301899488128097
1924,DNK,0.0019095350322960805
1924,ESP,0.02316530852459895
1924,FIN,0.0005390633148694158
1924,FRA,0.2204987213034657
1924,GBR,0.35411721959638254
1924,ITA,0.08460206398635042
1924,JPN,0.022711294362604034
1924,NLD,0.018594325477930423
1924,NOR,0.002347637374412673
1924,PRT,0.002743668915793494
1924,SWE,0.0044347383327840205
1924,USA,0.2140230992897191
1925,AUS,0.025681343771303707
1925,BEL,0.02295952245391882
1925,CHE,0.004129606002316816
1925,DEU,0.0525455860594994
1925,DNK,0.0022148072402598095
1925,ESP,0.024102842440045628
1925,FIN,0.000575424070446738
1925,FRA,0.21634326236897386
1925,GBR,0.34531957554445486
1925,ITA,0.06415578629477574
1925,JPN,0.021792281564975324
1925,NLD,0.018246567859850765
1925,NOR,0.0032601922139581956
1925,PRT,0.003929896443960866
1925,SWE,0.004309823904355402
1925,USA,0.19043348176690414
1926,AUS,0.02942448373355691
1926,BEL,0.02105055209241263
1926,CHE,0.004365999171563886
1926,DEU,0.05690331683604428
1926,DNK,0.003020497462375807
1926,ESP,0.02777583152863044
1926,FIN,0.0007210081594761765
1926,FRA,0.1526656561617409
1926,GBR,0.3838356849429999
1926,ITA,0.06205846598225822
1926,JPN,0.02782169390895736
1926,NLD,0.01957447774820069
1926,NOR,0.004083548402928882
1926,PRT,0.004585270991009401
1926,SWE,0.00466200962345515
1926,USA,0.19745150325438926
1927,AUS,0.02941760621335648
1927,BEL,0.016971880793898268
1927,CHE,0.004309662467211379
1927,DEU,0.032011831052052006
1927,DNK,0.002996032074425095
1927,ESP,0.032089067980629056
1927,FIN,0.0006624849618122715
1927,FRA,0.18451754060310388
1927,GBR,0.3756462044630662
1927,ITA,0.0797851181258713
1927,JPN,0.027561208190591817
1927,NLD,0.019024687448433216
1927,NOR,0.004091551540760669
1927,PRT,0.004617613506823323
1927,SWE,0.004796101491091128
1927,USA,0.18150140908687398
1928,AUS,0.031033211450315918
1928,BEL,0.016614661997758524
1928,CHE,0.004317383382852957
1928,DEU,0.03809956770112521
1928,DNK,0.0030806009199705418
1928,ESP,0.03221042670344593
1928,FIN,0.0007319797710922199
1928,FRA,0.1819366788643492
1928,GBR,0.37498722523647626
1928,ITA,0.0803413567378616
1928,JPN,0.03043167319451132
1928,NLD,0.019098019713006783
1928,NOR,0.004303149906957125
1928,PRT,0.0042215039136323665
1928,SWE,0.004823088125190771
1928,USA,0.17376947238145324
1929,AUS,0.029871969250614125
1929,BEL,0.0156388039147579
1929,CHE,0.004242779731826672
1929,DEU,0.046109260569550885
1929,DNK,0.0036505715283999206
1929,ESP,0.02918079832488839
1929,FIN,0.0007496382972438383
1929,FRA,0.18632107243666576
1929,GBR,0.3718078094077905
1929,ITA,0.08055481435361948
1929,JPN,0.03170025648526768
1929,NLD,0.019154242549583554
1929,NOR,0.0041944563002686295
1929,PRT,0.004229796499310119
1929,SWE,0.004901884708054292
1929,USA,0.16769184564215822
1930,AUS,0.025086604824721515
1930,BEL,0.015209065071537194
1930,CHE,0.00442247046963495
1930,DEU,0.052063720789888884
1930,DNK,0.0036147709358643134
1930,ESP,0.024026573647364338
1930,FIN,0.0007740869942143498
1930,FRA,0.18950284079525995
1930,GBR,0.37224226151081613
1930,ITA,0.08180603741785047
1930,JPN,0.035519466018712795
1930,NLD,0.019869281564057626
1930,NOR,0.00420483986799594
1930,PRT,0.004258765226270923
1930,SWE,0.004851984591047484
1930,USA,0.1625472302747631
1931,AUS,0.026187289215708072
1931,BEL,0.015426902195697936
1931,CHE,0.004324469750093722
1931,DEU,0.05274647779687748
1931,DNK,0.0033419245393140388
1931,ESP,0.021291517138600106
1931,FIN,0.0006502004032164929
1931,FRA,0.19598003898303692
1931,GBR,0.36308976707034024
1931,ITA,0.07278606399005451
1931,JPN,0.03708440196433511
1931,NLD,0.021815846863046686
1931,NOR,0.0029034100148967066
1931,PRT,0.0042257958735144666
1931,SWE,0.003573495849512177
1931,USA,0.1745723983517554
1932,AUS,0.025834811072173232
1932,BEL,0.019971156909925222
1932,CHE,0.005300618380427899
1932,DEU,0.06747634996895997
1932,DNK,0.0030517660793649504
1932,ESP,0.022776026796434087
1932,FIN,0.000693060043422619
1932,FRA,0.1404519476411754
1932,GBR,0.35213482256124373
1932,ITA,0.06866171840750146
1932,NLD,0.028748873572422524
1932,NOR,0.0033215264682540636
1932,PRT,0.004084392227657798
1932,SWE,0.005004801124111638
1932,USA,0.2524881287469253
1933,AUS,0.02392160200623194
1933,BEL,0.01733864596275508
1933,CHE,0.005321838151296917
1933,DEU,0.08019370338074801
1933,DNK,0.0023524881756555424
1933,ESP,0.029543283482282797
1933,FIN,0.0006406635592210552
1933,FRA,0.14940231267735982
1933,GBR,0.3338139454068165
1933,ITA,0.06944262157668828
1933,JPN,0.02522199832234376
1933,NLD,0.02963166120679964
1933,NOR,0.0039014385882829294
1933,PRT,0.0028334976198222997
1933,SWE,0.006084647305881143
1933,USA,0.22035565257781423
1934,AUS,0.023372391697949087
1934,BEL,0.01812645258667798
1934,CHE,0.005890628546034186
1934,DEU,0.07273748592644518
1934,DNK,0.0023840019563149298
1934,ESP,0.024799297503847375
1934,FIN,0.0005962124234368273
1934,FRA,0.16908179655715805
1934,GBR,0.32582907985314125
1934,ITA,0.07551212366563638
1934,JPN,0.02497474812233631
1934,NLD,0.03137764112188838
1934,NOR,0.0029967346355962957
1934,PRT,0.002661763856196429
1934,SWE,0.004749702516912087
1934,USA,0.2149099390304293
1935,AUS,0.02280011643318743
1935,BEL,0.015815038238138363
1935,CHE,0.005913022291734351
1935,DEU,0.07583707874052276
1935,DNK,0.002206044304143114
1935,ESP,0.026447772660797998
1935,FIN,0.0005339054608027093
1935,FRA,0.17599495562256043
1935,GBR,0.3107423769757297
1935,ITA,0.07230428871252091
1935,JPN,0.02555229582766583
1935,NLD,0.031472494895885605
1935,NOR,0.0029875207167776455
1935,PRT,0.0025090854128288456
1935,SWE,0.0049295374470523685
1935,USA,0.223954466259652
1936,AUS,0.02247975990352233
1936,BEL,0.014451951184159999
1936,CHE,0.00610742793860743
1936,DEU,0.07669334352975245
1936,DNK,0.002115439165692336
1936,ESP,0.02542349498084328
1936,FIN,0.000512678546322647
1936,FRA,0.15958283140449134
1936,GBR,0.30583379269041583
1936,ITA,0.06680777846392155
1936,JPN,0.02749686799013409
1936,NLD,0.029314499526425515
1936,NOR,0.0028613334472480582
1936,PRT,0.0024344911703348487
1936,SWE,0.004524247000397796
1936,USA,0.25336006305773046
1937,AUS,0.02735600933279253
1937,BEL,0.018960856965843514
1937,CHE,0.00562331779286387
1937,DEU,0.10164604015138652
1937,DNK,0.0025785881299743643
1937,FIN,0.0006867026247265267
1937,GBR,0.3690957741545631
1937,ITA,0.06169808402841878
1937,JPN,0.034992363677226815
1937,NLD,0.03286581205217912
1937,NOR,0.00357000120059474
1937,PRT,0.002961256929794921
1937,SWE,0.005255290107171499
1937,USA,0.33270990285246366
1938,AUS,0.02333105522986873
1938,BEL,0.015158669661576106
1938,CHE,0.004955189494909605
1938,DEU,0.12096321768599419
1938,DNK,0.0021236129143742412
1938,FIN,0.0005665953723066367
1938,FRA,0.09442847369175686
1938,GBR,0.3143465671716448
1938,ITA,0.05635189626552425
1938,JPN,0.0403633943945271
1938,NLD,0.027849642517890634
1938,NOR,0.002727874882473717
1938,PRT,0.0024866047616135213
1938,SWE,0.004554894008487482
1938,USA,0.28979231194705224
1939,AUS,0.020169032225901665
1939,BEL,0.014501242644485404
1939,CHE,0.005131072013195883
1939,DEU,0.15717573333488666
1939,DNK,0.0018520105995637626
1939,FIN,0.0009287390211969353
1939,FRA,0.08859740340042657
1939,GBR,0.27770961252325027
1939,ITA,0.05647424655756145
1939,JPN,0.04579978157152115
1939,NLD,0.026229779937687984
1939,NOR,0.0025424318359820687
1939,PRT,0.0021143353359862173
1939,SWE,0.00459003176256829
1939,USA,0.29618454723578563
1940,AUS,0.01643589127671424
1940,BEL,0.013213369138910526
1940,CHE,0.006202713768807104
1940,DEU,0.2355031266789041
1940,DNK,0.00162333916306599
1940,FIN,0.002234478835480348
1940,FRA,0.08072895713692445
1940,GBR,0.21452794920013366
1940,ITA,0.06081721550386961
1940,JPN,0.04857143154823616
1940,NLD,0.023900280358446473
1940,NOR,0.0023166352831234366
1940,PRT,0.0015819061686684955
1940,SWE,0.0057554387730862355
1940,USA,0.2865872671656292
1941,AUS,0.013824654071314686
1941,BEL,0.009926251191715573
1941,CHE,0.006014710726333256
1941,DEU,0.27471857322753873
1941,DNK,0.0011823468085833306
1941,ESP,0.018407246793796853
1941,FIN,0.0028074603280763637
1941,FRA,0.060645842749264454
1941,GBR,0.22573599565851343
1941,ITA,0.06520813929804752
1941,JPN,0.04917983091761834
1941,NLD,0.017954556774755076
1941,NOR,0.0017403209959644247
1941,PRT,0.001326577025100384
1941,SWE,0.006172298486038857
1941,USA,0.24515519494733867
1942,AUS,0.012716368797245869
1942,BEL,0.007990078955192844
1942,CHE,0.0056916126010391095
1942,DEU,0.3071281825824484
1942,DNK,0.0009187292660164358
1942,ESP,0.015584290942788917
1942,FIN,0.003043952130935606
1942,FRA,0.048816523228351234
1942,GBR,0.22834317106309732
1942,JPN,0.0538915903083888
1942,NLD,0.014452417480177775
1942,NOR,0.0014008614024135246
1942,PRT,0.0013389812389068374
1942,SWE,0.006667809345174998
1942,USA,0.29201543065782226
1943,AUS,0.010709547695043143
1943,BEL,0.005444500930518887
1943,CHE,0.004570009095502419
1943,DEU,0.2891748063644807
1943,DNK,0.0007114677732015452
1943,ESP,0.012367378518701877
1943,FIN,0.0029210694618293223
1943,FRA,0.03326395241297593
1943,GBR,0.18808093488257058
1943,ITA,0.004914348674036109
1943,JPN,0.05468921810240139
1943,NLD,0.009847987843466336
1943,NOR,0.0009545576773070008
1943,PRT,0.0009696171842338476
1943,SWE,0.0057273980234780995
1943,USA,0.3756532053602529
1944,AUS,0.012701003925002686
1944,BEL,0.005660353980287586
1944,CHE,0.005847353105077583
1944,DNK,0.0007498047387697723
1944,ESP,0.014646423952755923
1944,FIN,0.003960481795287255
1944,FRA,0.03458273730572044
1944,GBR,0.22743951512472801
1944,JPN,0.10150475260916844
1944,NLD,0.010238421831305638
1944,NOR,0.000992402135128997
1944,PRT,0.0010828575678481667
1944,SWE,0.00666489850618765
1944,USA,0.573928993422732
1945,AUS,0.012846766774856602
1945,BEL,0.005147303783399157
1945,CHE,0.0061806204504288205
1945,DNK,0.0008074875686085566
1945,ESP,0.014120672319024336
1945,FRA,0.031448184193771905
1945,GBR,0.23516976590408187
1945,ITA,0.0046794357801065315
1945,NLD,0.009310419032422154
1945,NOR,0.0009024515573747484
1945,PRT,0.0010330591671737733
1945,SWE,0.006791995128416409
1945,USA,0.6715618383403351
1946,AUS,0.014263543746853985
1946,BEL,0.012124766774668576
1946,CHE,0.011891979472879751
1946,GBR,0.21159283446791266
1946,ITA,0.005596421674461998
1946,NOR,0.0009431924998284488
1946,PRT,0.0011202592721433536
1946,SWE,0.00779506695452242
1946,USA,0.7346719351367287
1947,AUS,0.014123919779919815
1947,BEL,0.013984666192788198
1947,CHE,0.009683608071100056
1947,DNK,0.00048135453504645606
1947,ESP,0.00440839562489354
1947,FIN,0.0010066994384557682
1947,FRA,0.03196352585366306
1947,GBR,0.18140924424945495
1947,ITA,0.007724395316693606
1947,JPN,0.004133127739819714
1947,NLD,0.011690960843121143
1947,NOR,0.002221776614795175
1947,PRT,0.0010898988967836566
1947,SWE,0.006777150986086737
1947,USA,0.7093012758573781
1948,AUS,0.014360324997057637
1948,BEL,0.012130165539033478
1948,CHE,0.01014304274946494
1948,DNK,0.0004832570897069365
1948,ESP,0.005334842813320091
1948,FIN,0.000785780446994908
1948,GBR,0.22281091511893938
1948,ITA,0.009125391394085724
1948,JPN,0.004528272910243758
1948,NLD,0.01298540708284944
1948,NOR,0.001814889838871594
1948,PRT,0.0010512721134055885
1948,SWE,0.005856755410505803
1948,USA,0.6985896824955206
1949,AUS,0.008356919765268658
1949,BEL,0.010972997465706773
1949,CHE,0.007688800593190286
1949,DEU,0.23052007298123722
1949,DNK,0.00039933054766144325
1949,ESP,0.0035957532721768845
1949,FIN,0.0007175801206801754
1949,FRA,0.02166646290781494
1949,GBR,0.1416284302432952
1949,ITA,0.008765730632067098
1949,NLD,0.014405563473785118
1949,NOR,0.0014805902624906297
1949,PRT,0.0007857966585485717
1949,SWE,0.003997834032996009
1949,USA,0.545018137043081
1950,AUS,0.010026078596766082
1950,BEL,0.01228267752144482
1950,CHE,0.00923744096318871
1950,DEU,0.013732183636291495
1950,DNK,0.0004653624261056139
1950,ESP,0.004116811047805689
1950,FIN,0.0007120236041291924
1950,FRA,0.02656497999124919
1950,GBR,0.18000771616110545
1950,ITA,0.01079330752803339
1950,JPN,0.003437558638253132
1950,NLD,0.016547455033639673
1950,NOR,0.0012528651310292412
1950,PRT,0.0009215820800034699
1950,SWE,0.004879961565031249
1950,USA,0.7050219960759236
1951,AUS,0.010638925043752776
1951,BEL,0.012241707508322527
1951,CHE,0.009412901660120973
1951,DEU,0.015509841350334482
1951,DNK,0.00047338545778829175
1951,ESP,0.004559784947190605
1951,FIN,0.000913592900603842
1951,FRA,0.026469508201107262
1951,GBR,0.17681330282948218
1951,ITA,0.013126180954961245
1951,JPN,0.003980425371083701
1951,NLD,0.015628465720850918
1951,NOR,0.001455563471344538
1951,PRT,0.0009833444565326619
1951,SWE,0.00502451025209169
1951,USA,0.7027685598744323
1952,AUS,0.011258436768844514
1952,BEL,0.013249184500685303
1952,CHE,0.009606967955281804
1952,DEU,0.016448955640765473
1952,DNK,0.00046323969098829864
1952,ESP,0.005206943025082824
1952,FIN,0.0007170311051938686
1952,FRA,0.030286334030320394
1952,GBR,0.1914190743597248
1952,ITA,0.016020590045892225
1952,JPN,0.005190688659044587
1952,NLD,0.015438927688701051
1952,NOR,0.001590080567718581
1952,PRT,0.0009756655187865894
1952,SWE,0.005275195384881895
1952,USA,0.6768526850580877
1953,AUS,0.011413128050349115
1953,BEL,0.013602375731453963
1953,CHE,0.009454608167082176
1953,DEU,0.021791040284667447
1953,DNK,0.002703998226561125
1953,ESP,0.0062071794446741015
1953,FIN,0.0009269700704595191
1953,FRA,0.03537771643646056
1953,GBR,0.18869853860236238
1953,ITA,0.01767496531293894
1953,JPN,0.004930836777896953
1953,NLD,0.015514389337880609
1953,NOR,0.0017167384122132652
1953,PRT,0.0009407509713609685
1953,SWE,0.0053868182008870525
1953,USA,0.6636599459727518
1954,AUS,0.011671986562341974
1954,BEL,0.014231769462549879
1954,CHE,0.009518397769979633
1954,DEU,0.02496954654813551
1954,DNK,0.0027342396209440057
1954,ESP,0.006085157302105635
1954,FIN,0.0011661209090235549
1954,FRA,0.036429150549387466
1954,GBR,0.18714225530912088
1954,ITA,0.019128160198231565
1954,JPN,0.005450781011130879
1954,NLD,0.01512112655710542
1954,NOR,0.001814862030789786
1954,PRT,0.0009764864180086719
1954,SWE,0.00581688225231976
1954,USA,0.6577430774988253
1955,AUS,0.011649833968751825
1955,BEL,0.014178778446025157
1955,CHE,0.009138616631124457
1955,DEU,0.024976891071056807
1955,DNK,0.0027260055882250586
1955,ESP,0.006247811924949195
1955,FIN,0.0010958664390588006
1955,FRA,0.034707625841340004
1955,GBR,0.18546624426016695
1955,ITA,0.020169066815546494
1955,JPN,0.0062639240993656526
1955,NLD,0.014292985704945204
1955,NOR,0.002126364044148662
1955,PRT,0.0009335703870869797
1955,SWE,0.006228894715685931
1955,USA,0.6597975200625228
1956,AUS,0.012057928806828232
1956,BEL,0.014398067286078634
1956,CHE,0.009511614068306033
1956,DEU,0.025431897647215877
1956,DNK,0.002749269133595318
1956,ESP,0.006596272408632022
1956,FIN,0.0011919636535063195
1956,FRA,0.03688580705224257
1956,GBR,0.19378953716724218
1956,ITA,0.021771830709817957
1956,JPN,0.005977163856872154
1956,NLD,0.01461655079241399
1956,NOR,0.002470905910895823
1956,PRT,0.0009372687084072201
1956,SWE,0.006517287891911412
1956,USA,0.6450966349060343
1957,AUS,0.012412167010614582
1957,BEL,0.014663987073676586
1957,CHE,0.00954318799857314
1957,DEU,0.02626622931346046
1957,DNK,0.0027379261891398773
1957,ESP,0.006196835665559908
1957,FIN,0.001246382693449987
1957,FRA,0.03447746008296365
1957,GBR,0.19818776513084546
1957,ITA,0.022816211908610287
1957,JPN,0.0057733325446922305
1957,NLD,0.01548545663215133
1957,NOR,0.00264138420782335
1957,PRT,0.0009396329665230978
1957,SWE,0.007080894920869738
1957,USA,0.6395311456610464
1958,AUS,0.012074836151675032
1958,BEL,0.015350779389595413
1958,CHE,0.009429294633741842
1958,DEU,0.02771003600963829
1958,DNK,0.002672650253328651
1958,ESP,0.0065856813501342796
1958,FIN,0.0013066910914027094
1958,FRA,0.03693160549142392
1958,GBR,0.1921793343977254
1958,ITA,0.023870629845999587
1958,JPN,0.006208406868715346
1958,NLD,0.01581285102349648
1958,NOR,0.002885376706041774
1958,PRT,0.0011561141845093607
1958,SWE,0.00774707154838404
1958,USA,0.6380786410541879
1959,AUS,0.01178313812725246
1959,BEL,0.016016492656551074
1959,CHE,0.009429473971783932
1959,DEU,0.027810993066569572
1959,DNK,0.00257327390497924
1959,ESP,0.006391102936574682
1959,FIN,0.001320336988331467
1959,FRA,0.03824866675014216
1959,GBR,0.18442931237954377
1959,ITA,0.025387698746896618
1959,JPN,0.006482740328800721
1959,NLD,0.015933298314179035
1959,NOR,0.0030048028448632076
1959,PRT,0.0011485747283943503
1959,SWE,0.007782721033003297
1959,USA,0.6422573732221344
1960,AUS,0.01260671253206438
1960,BEL,0.016970551249590512
1960,CHE,0.009253670006270543
1960,DEU,0.027798956152858077
1960,DNK,0.00255686052009536
1960,ESP,0.006693117576216841
1960,FIN,0.001354540734462864
1960,FRA,0.03826135417948784
1960,GBR,0.18684882242670572
1960,ITA,0.026219911971854457
1960,JPN,0.007303511175379896
1960,NLD,0.016194215747845183
1960,NOR,0.0029716274721143694
1960,PRT,0.001210375310536829
1960,SWE,0.00834824226285937
1960,USA,0.6354075306816578
1961,AUS,0.01253062776305735
1961,BEL,0.01718622118058363
1961,CHE,0.00947621128747511
1961,DEU,0.030991218809163123
1961,DNK,0.00228913856665033
1961,ESP,0.006919314880160772
1961,FIN,0.0012152691023315113
1961,FRA,0.03732860412648848
1961,GBR,0.1874633393961618
1961,ITA,0.027149278364921866
1961,JPN,0.006610239544132281
1961,NLD,0.017215977325046622
1961,NOR,0.002942293023491819
1961,PRT,0.0012817346559239442
1961,SWE,0.008001622133245595
1961,USA,0.6313989098411658
1962,AUS,0.012266972783031072
1962,BEL,0.017139752564245655
1962,CHE,0.009600096924797276
1962,DEU,0.03255434267164837
1962,DNK,0.0023077698405639985
1962,ESP,0.0073425826747201845
1962,FIN,0.001427821675975555
1962,FRA,0.03626913566789548
1962,GBR,0.18391083398125332
1962,ITA,0.02843020284473002
1962,JPN,0.006416641141370586
1962,NLD,0.0173226767355968
1962,NOR,0.0029515104146819672
1962,PRT,0.0015158399889868026
1962,SWE,0.007394671637818831
1962,USA,0.633149148452684
1963,AUS,0.012325673727425232
1963,BEL,0.017445489348692594
1963,CHE,0.010202010597054476
1963,DEU,0.03549535535343943
1963,DNK,0.002107638722441622
1963,ESP,0.007389257578677654
1963,FIN,0.0017492907716912442
1963,FRA,0.036883535143537025
1963,GBR,0.18525855699804156
1963,ITA,0.029435921461731532
1963,JPN,0.005843062703654371
1963,NLD,0.017567410151210123
1963,NOR,0.00288762658297277
1963,PRT,0.0016802510786179182
1963,SWE,0.006877549051450171
1963,USA,0.6268513707293623
1964,AUS,0.012478011829727527
1964,BEL,0.017669674857413064
1964,CHE,0.010377204133641496
1964,DEU,0.03793349716812944
1964,DNK,0.002490683925557117
1964,ESP,0.006971450790806055
1964,FIN,0.0019468855176296117
1964,FRA,0.03517129679508143
1964,GBR,0.1833342160208177
1964,ITA,0.03126786972934357
1964,JPN,0.0065894084221325725
1964,NLD,0.01868058945919993
1964,NOR,0.0029012873625075914
1964,PRT,0.0018653453534303586
1964,SWE,0.006794096053525258
1964,USA,0.6235284825810573
1965,AUS,0.01637773385986115
1965,BEL,0.017941139162977134
1965,CHE,0.010590138109901202
1965,DEU,0.039570503224977835
1965,DNK,0.002398569669859225
1965,ESP,0.007377045881032046
1965,FIN,0.002161175894571677
1965,FRA,0.03279411347501077
1965,GBR,0.17925710750344354
1965,ITA,0.033756969428911016
1965,JPN,0.008180864596377582
1965,NLD,0.01948333940530368
1965,NOR,0.0029396141696762137
1965,PRT,0.0019469530884983351
1965,SWE,0.006448578684130716
1965,USA,0.6187761538454679
1966,AUS,0.019721835961031556
1966,BEL,0.017734736722054258
1966,CHE,0.01099996513747097
1966,DEU,0.04298637340567937
1966,DNK,0.0023640590433246385
1966,ESP,0.007993733709279503
1966,FIN,0.0023756943234944264
1966,FRA,0.029734219909196363
1966,GBR,0.17832007369961508
1966,ITA,0.04143176250199418
1966,JPN,0.011764484939353913
1966,NLD,0.02032402533122304
1966,NOR,0.002995187826357552
1966,PRT,0.001973915480518119
1966,SWE,0.006347509867666863
1966,USA,0.6029324221417403
1967,AUS,0.020699073853991636
1967,BEL,0.01831779173903179
1967,CHE,0.011648727566166856
1967,DEU,0.04924023130328929
1967,DNK,0.002123005410944734
1967,ESP,0.007514391790758454
1967,FIN,0.002046338680094692
1967,FRA,0.033100428225276424
1967,GBR,0.15493613837511255
1967,ITA,0.04463239775969662
1967,JPN,0.016514530352262236
1967,NLD,0.021824361178895153
1967,NOR,0.0033437321130183064
1967,PRT,0.001991240314580986
1967,SWE,0.006847231206939282
1967,USA,0.6052203801299411
1968,AUS,0.01945027904577196
1968,BEL,0.017738077767566262
1968,CHE,0.011437305020147195
1968,DEU,0.04816890631622104
1968,DNK,0.0019868826290924393
1968,ESP,0.007820463312099792
1968,FIN,0.002109031254988873
1968,FRA,0.03230167293378838
1968,GBR,0.1519883823259136
1968,ITA,0.047283843020261326
1968,JPN,0.019448813191343343
1968,NLD,0.021635094892074398
1968,NOR,0.0032368301772890615
1968,PRT,0.0018200138049610593
1968,SWE,0.007214432070647805
1968,USA,0.6063599722378333
1969,AUS,0.020112689007022486
1969,BEL,0.018411034802892752
1969,CHE,0.011749044831873305
1969,DEU,0.0520301855720456
1969,DNK,0.0019854559319502597
1969,ESP,0.008896161579631693
1969,FIN,0.0018149252719040585
1969,FRA,0.029400581615656715
1969,GBR,0.15233437073893286
1969,ITA,0.051953030824546984
1969,JPN,0.03048325739108876
1969,NLD,0.02507399894331869
1969,NOR,0.003407342583553475
1969,PRT,0.0018798065676076353
1969,SWE,0.007651386472803047
1969,USA,0.5828167278651717
1970,AUS,0.02036027423834367
1970,BEL,0.01789889640463684
1970,CHE,0.0118158183661321
1970,DEU,0.050859282782510486
1970,DNK,0.0019040977077523448
1970,ESP,0.009316765993787203
1970,FIN,0.0018273077856390482
1970,FRA,0.04560489370921082
1970,GBR,0.14352566361192357
1970,ITA,0.05742417480231748
1970,JPN,0.030019346098692674
1970,NLD,0.025714721845693473
1970,NOR,0.003889892077910036
1970,PRT,0.0019651570460119364
1970,SWE,0.008464220889705255
1970,USA,0.5694094866397331
1971,AUS,0.019500813918179104
1971,BEL,0.018593563866124752
1971,CHE,0.012973730154135584
1971,DEU,0.055891893053257036
1971,DNK,0.002008741312109617
1971,ESP,0.008207509998673975
1971,FIN,0.0016188776860137396
1971,FRA,0.046751531993644506
1971,GBR,0.13632786194619428
1971,ITA,0.06591887780617556
1971,JPN,0.03920179165938933
1971,NLD,0.02693794336471867
1971,NOR,0.004214734002987859
1971,PRT,0.002009813403065129
1971,SWE,0.008608212082838462
1971,USA,0.5512341037524924
1972,AUS,0.01995691138585542
1972,BEL,0.018889545073210987
1972,CHE,0.013516662322128357
1972,DEU,0.05678235971255188
1972,DNK,0.0018541093344957337
1972,ESP,0.008469051029071242
1972,FIN,0.0015571944708270829
1972,FRA,0.042050750464846756
1972,GBR,0.12153730216348348
1972,ITA,0.07640796132473975
1972,JPN,0.05649584310765086
1972,NLD,0.02632724531191311
1972,NOR,0.004611774394988786
1972,PRT,0.002136583959742081
1972,SWE,0.009045006520883333
1972,USA,0.5403616994236112
1973,AUS,0.020725985002190757
1973,BEL,0.019339887512934247
1973,CHE,0.01562960080520619
1973,DEU,0.06696661977249276
1973,DNK,0.0018296471549808884
1973,ESP,0.009074396692257672
1973,FIN,0.0015029169901647657
1973,FRA,0.041876727924863626
1973,GBR,0.10954132021554587
1973,ITA,0.08391669576338663
1973,JPN,0.06495181478232707
1973,NLD,0.02855243864314182
1973,NOR,0.005499655306339944
1973,PRT,0.002161415040573609
1973,SWE,0.009709008813834054
1973,USA,0.5187218695797601
1974,AUS,0.01771689930097906
1974,BEL,0.0216418511774493
1974,CHE,0.020350445200039917
1974,DEU,0.07808832324657718
1974,DNK,0.0018029463952153424
1974,ESP,0.00997947656240968
1974,FIN,0.0014854257377964432
1974,FRA,0.04586391576050408
1974,GBR,0.10793934836460603
1974,ITA,0.08983585376027603
1974,JPN,0.0690065754580947
1974,NLD,0.030790618237194842
1974,NOR,0.0063400797577025615
1974,PRT,0.0024700082227482405
1974,SWE,0.011801332177127487
1974,USA,0.4848869006412791
1975,AUS,0.017290539843793862
1975,BEL,0.019711574480030677
1975,CHE,0.019518747828810887
1975,DEU,0.08339294643800625
1975,DNK,0.0013544425741540103
1975,ESP,0.009958576693843696
1975,FIN,0.0015407720968103622
1975,FRA,0.04692606913479413
1975,GBR,0.09178661309927558
1975,ITA,0.09694112676299638
1975,JPN,0.08351207058910691
1975,NLD,0.028300755151777077
1975,NOR,0.006278961414304772
1975,PRT,0.003065217818472811
1975,SWE,0.011764705375535645
1975,USA,0.4786568806982869
1976,AUS,0.014652697717407119
1976,BEL,0.02130480560382833
1976,CHE,0.01977591974940919
1976,DEU,0.08984874924726079
1976,DNK,0.0015205107163007415
1976,ESP,0.008893696006412894
1976,FIN,0.0014417681094877203
1976,FRA,0.03948301123505895
1976,GBR,0.08273053268998494
1976,ITA,0.08127312584720767
1976,JPN,0.10726770565759502
1976,NLD,0.030097748854124536
1976,NOR,0.008505235213563387
1976,PRT,0.00364865719015752
1976,SWE,0.011709856201023239
1976,USA,0.47784597996117795
1977,AUS,0.014098136278540119
1977,BEL,0.02220164818648804
1977,CHE,0.020078707657922062
1977,DEU,0.09200044207815966
1977,DNK,0.002717069546525256
1977,ESP,0.008566491472191712
1977,FIN,0.0015546461480442425
1977,FRA,0.038361404849656514
1977,GBR,0.0917902027174639
1977,ITA,0.08020082410064619
1977,JPN,0.14311346654968007
1977,NLD,0.029060266302554406
1977,NOR,0.009045232080195855
1977,PRT,0.0034781997950589175
1977,SWE,0.01028672762779508
1977,USA,0.43344653460907806
1978,AUS,0.012580026289809308
1978,BEL,0.022725196588769706
1978,CHE,0.01891158789219662
1978,DEU,0.09471588948696487
1978,DNK,0.004292527083518515
1978,ESP,0.00957594512419119
1978,FIN,0.001937273142600653
1978,FRA,0.04391985756954955
1978,GBR,0.09089454059951808
1978,ITA,0.08302768986973855
1978,JPN,0.19139063732210726
1978,NLD,0.029097263246819893
1978,NOR,0.009100746325032862
1978,PRT,0.0032809880621473453
1978,SWE,0.011131057744893078
1978,USA,0.37341877365214254
1979,AUS,0.012516255769333672
1979,BEL,0.02400205227681175
1979,CHE,0.018177365184699177
1979,DEU,0.10076028587552883
1979,DNK,0.005576918397725612
1979,ESP,0.012013115613972768
1979,FIN,0.0021601356665325064
1979,FRA,0.05372327148238499
1979,GBR,0.09974557625068622
1979,ITA,0.09200516687221505
1979,JPN,0.16839619027993669
1979,NLD,0.029795803152356925
1979,NOR,0.009661158491331983
1979,PRT,0.003843370860294787
1979,SWE,0.013613660419717698
1979,USA,0.3540096734064713
1980,AUS,0.012445763894294186
1980,BEL,0.02113405182888577
1980,CHE,0.014695742437466892
1980,DEU,0.08674857455596716
1980,DNK,0.006639051254133344
1980,ESP,0.01165101062481615
1980,FIN,0.002145806520712644
1980,FRA,0.05067528665135205
1980,GBR,0.09676961865427994
1980,ITA,0.0842232156484479
1980,JPN,0.21404875894090278
1980,NLD,0.0288595404392426
1980,NOR,0.008846999528688494
1980,PRT,0.003541046988763075
1980,SWE,0.016483182943898014
1980,USA,0.34109234908814895
1981,AUS,0.011449183252854978
1981,BEL,0.020263537231865667
1981,CHE,0.013888470190022298
1981,DEU,0.08577008023567602
1981,DNK,0.007738950347868462
1981,ESP,0.01247620756884791
1981,FIN,0.0021035680199958753
1981,FRA,0.04558508935871627
1981,GBR,0.08715359289322451
1981,ITA,0.07818727121316038
1981,JPN,0.2220711517883368
1981,NLD,0.026954108755874992
1981,NOR,0.007835858380601066
1981,PRT,0.004175691254196953
1981,SWE,0.016310072380639102
1981,USA,0.3580371671281186
1982,AUS,0.009701710796511573
1982,BEL,0.027343148652328585
1982,CHE,0.011697800854991116
1982,DEU,0.08487155832525847
1982,DNK,0.009323799020933894
1982,ESP,0.012858460789569693
1982,FIN,0.002149689040404116
1982,FRA,0.04737186534895378
1982,GBR,0.07183948443095231
1982,ITA,0.0803232670715616
1982,JPN,0.2196270405656422
1982,NLD,0.027134722143401763
1982,NOR,0.00592445634094775
1982,PRT,0.0037944453364247015
1982,SWE,0.014421472434369607
1982,USA,0.37161707884774875
1983,AUS,0.00934605715714748
1983,BEL,0.024207814993561817
1983,CHE,0.01027737399955953
1983,DEU,0.0710647329081468
1983,DNK,0.008820229838884787
1983,ESP,0.012738918573788616
1983,FIN,0.002166598580009399
1983,FRA,0.03990136109685842
1983,GBR,0.06175147220099021
1983,ITA,0.07594511014337076
1983,JPN,0.2288489866787456
1983,NLD,0.024068789180390692
1983,NOR,0.004980480017510959
1983,PRT,0.0031083935024783485
1983,SWE,0.01501034176558987
1983,USA,0.4077633393629667
1984,AUS,0.009889683490413085
1984,BEL,0.022738582438811616
1984,CHE,0.008518823289225475
1984,DEU,0.06277123082111251
1984,DNK,0.009502093074506482
1984,ESP,0.014844761438421294
1984,FIN,0.002023756735950741
1984,FRA,0.03901996822110523
1984,GBR,0.05070194838581236
1984,ITA,0.07619484586817514
1984,JPN,0.21957469983804453
1984,NLD,0.02182615685440862
1984,NOR,0.004583179434550667
1984,PRT,0.003074790321477013
1984,SWE,0.015023162970075318
1984,USA,0.43971231681790984
1985,AUS,0.007553737384398161
1985,BEL,0.02461907453508726
1985,CHE,0.008540367414138975
1985,DEU,0.06548321201209496
1985,DNK,0.010867568514220596
1985,ESP,0.016415795284369764
1985,FIN,0.002164656075590901
1985,FRA,0.04368114683111455
1985,GBR,0.053041057146748956
1985,ITA,0.08314427280138906
1985,JPN,0.2379829534176073
1985,NLD,0.024719205043404243
1985,NOR,0.00517416884645576
1985,PRT,0.003740426430430489
1985,SWE,0.016119608272266227
1985,USA,0.3967527499906828
1986,AUS,0.006794991066521149
1986,BEL,0.02620118404675377
1986,CHE,0.008724388046267673
1986,DEU,0.06837694530634453
1986,DNK,0.010780517632494324
1986,ESP,0.017720341885941446
1986,FIN,0.00213730267313827
1986,FRA,0.04377994970334262
1986,GBR,0.04556896345975903
1986,ITA,0.09341634061215012
1986,JPN,0.26678542472453354
1986,NLD,0.025886995498077887
1986,NOR,0.005395245598682576
1986,PRT,0.003977256259139279
1986,SWE,0.014921855223993398
1986,USA,0.3595322982628603
1987,AUS,0.006064668374430351
1987,BEL,0.027353192681468724
1987,CHE,0.009114931567413538
1987,DEU,0.07191506588718224
1987,DNK,0.009903351807215735
1987,ESP,0.019364795437249577
1987,FIN,0.0023914460117614752
1987,FRA,0.047384160745455976
1987,GBR,0.048642960986950916
1987,ITA,0.09864696328960584
1987,JPN,0.291784879022179
1987,NLD,0.02660171191322048
1987,NOR,0.004598298272073031
1987,PRT,0.003982746612174301
1987,SWE,0.014164449466748733
1987,USA,0.3180863779248701
1988,AUS,0.008913034861860196
1988,BEL,0.025368122460727085
1988,CHE,0.00810914671059035
1988,DEU,0.06557525702298492
1988,DNK,0.008380892107367857
1988,ESP,0.018555055038808537
1988,FIN,0.0023395384098542247
1988,FRA,0.043769256004068356
1988,GBR,0.048348591060941706
1988,ITA,0.09738432046894378
1988,JPN,0.28373629649509735
1988,NLD,0.024867881879829003
1988,NOR,0.004323126340413338
1988,PRT,0.004080502920945844
1988,SWE,0.012839068593263569
1988,USA,0.34340990962430396
1989,AUS,0.00840278956418151
1989,BEL,0.02736220954349079
1989,CHE,0.007772248498189585
1989,DEU,0.06832706314909848
1989,DNK,0.008913554568533466
1989,ESP,0.02193530150115452
1989,FIN,0.0022681055286945663
1989,FRA,0.04928994452582623
1989,GBR,0.04070440591183894
1989,ITA,0.11032936001089919
1989,JPN,0.23783821024544244
1989,NLD,0.02688649166180448
1989,NOR,0.004477857003672392
1989,PRT,0.0044651262577909395
1989,SWE,0.012292653921031719
1989,USA,0.3687346781083507
1990,AUS,0.007333806639410804
1990,BEL,0.02966321364978133
1990,CHE,0.010334628296247908
1990,DEU,0.07632866436025802
1990,DNK,0.009299858522335964
1990,ESP,0.024962136246812257
1990,FIN,0.002234155330539318
1990,FRA,0.05213538577188365
1990,GBR,0.040141773479424374
1990,ITA,0.12029726793798308
1990,JPN,0.2258113313154395
1990,NLD,0.02776130566672299
1990,NOR,0.004075233799778165
1990,PRT,0.005121341593077836
1990,SWE,0.011456370443072437
1990,USA,0.35304352694723223
1991,AUS,0.007012431377915589
1991,BEL,0.02779747084985918
1991,CHE,0.009695437036987409
1991,DEU,0.08747889299208822
1991,DNK,0.008610993562269032
1991,ESP,0.02507606378516643
1991,FIN,0.0026556633165862997
1991,FRA,0.048820400708531025
1991,GBR,0.03661830679955403
1991,ITA,0.11923009213023364
1991,JPN,0.22749176235415666
1991,NLD,0.025784283401369488
1991,NOR,0.0035735304222603978
1991,PRT,0.0054639492291819304
1991,SWE,0.011013940673590525
1991,USA,0.35367678136025016
1992,AUS,0.007317063249320508
1992,BEL,0.026553576482385315
1992,CHE,0.009891535723675349
1992,DEU,0.07870385973402344
1992,DNK,0.008727177656082436
1992,ESP,0.023047291692526516
1992,FIN,0.003491971824053762
1992,FRA,0.05003609626514417
1992,GBR,0.03409821664437026
1992,ITA,0.10013525935561829
1992,JPN,0.23898589937508127
1992,NLD,0.024374406847178898
1992,NOR,0.003524654386171571
1992,PRT,0.004819371245427734
1992,SWE,0.00935234766160174
1992,USA,0.3769412718573388
1993,AUS,0.007665043435575148
1993,BEL,0.02382627968456397
1993,CHE,0.01016422542207469
1993,DEU,0.07498815864493964
1993,DNK,0.007733654136445911
1993,ESP,0.021787897279098512
1993,FIN,0.004016269098370856
1993,FRA,0.049743851376080075
1993,GBR,0.03655476768238104
1993,ITA,0.08870901952153178
1993,JPN,0.2644704698023252
1993,NLD,0.021612450939779912
1993,NOR,0.003908902857379407
1993,PRT,0.004176056375485042
1993,SWE,0.009880543255130683
1993,USA,0.3707624104888382
1994,AUS,0.008019679810890018
1994,BEL,0.02348394713956902
1994,CHE,0.010432700833200569
1994,DEU,0.07700475824327409
1994,DNK,0.007610506822297886
1994,ESP,0.022010599635805615
1994,FIN,0.004501006500427174
1994,FRA,0.05077671704288446
1994,GBR,0.03648511939653621
1994,ITA,0.086500735880365
1994,JPN,0.30119371761087355
1994,NLD,0.020532762366897148
1994,NOR,0.0034786386716357935
1994,PRT,0.004415620390434909
1994,SWE,0.011277788104090075
1994,USA,0.3322757015508186
1995,AUS,0.007186016679186015
1995,BEL,0.023751194505822092
1995,CHE,0.011365458096512668
1995,DEU,0.08893442912642632
1995,DNK,0.0080482956078882
1995,ESP,0.02434323588517304
1995,FIN,0.004646123161247053
1995,FRA,0.05734001526774789
1995,GBR,0.03624775203210883
1995,ITA,0.08517122512954949
1995,JPN,0.29953201261880125
1995,NLD,0.020732769944364387
1995,NOR,0.0033238273298968227
1995,PRT,0.004657771496309285
1995,SWE,0.013056734748827776
1995,USA,0.3116631383701388
1996,AUS,0.0075927742817607485
1996,BEL,0.021473147977097568
1996,CHE,0.0098738402464057
1996,DEU,0.08608807737269511
1996,DNK,0.007809710755968123
1996,ESP,0.024994430696006435
1996,FIN,0.004454888225465668
1996,FRA,0.05799896249399784
1996,GBR,0.041808853308470145
1996,ITA,0.09139892761283445
1996,JPN,0.2822466371968514
1996,NLD,0.01915094469063797
1996,NOR,0.003167944976267456
1996,PRT,0.004719621177063727
1996,SWE,0.012821660922619124
1996,USA,0.3243995780658586
1997,AUS,0.0060076006330561016
1997,BEL,0.01947246626427679
1997,CHE,0.010091092250437481
1997,DEU,0.08060863008711576
1997,DNK,0.008107308368352153
1997,ESP,0.02341098566349541
1997,FIN,0.004060186979136916
1997,FRA,0.055652928310964224
1997,GBR,0.0436090295056533
1997,ITA,0.08422880900677956
1997,JPN,0.28053233732977934
1997,NLD,0.016963431987871043
1997,NOR,0.002784775422556061
1997,PRT,0.004203821018487114
1997,SWE,0.01179290494987834
1997,USA,0.3484736922221604
1998,AUS,0.004989986285354477
1998,BEL,0.01882459663275192
1998,CHE,0.010398985970018534
1998,DEU,0.0815776803408153
1998,DNK,0.007823167205530208
1998,ESP,0.023517500279941074
1998,FIN,0.0038298306487104146
1998,FRA,0.05630309187204653
1998,GBR,0.039549303186748104
1998,ITA,0.08258637701321958
1998,JPN,0.3133686185475876
1998,NLD,0.016773773627385528
1998,NOR,0.0023866492800017516
1998,PRT,0.004204320681364193
1998,SWE,0.010615264687582445
1998,USA,0.32325085374094237
1999,AUS,0.005093479631931821
1999,BEL,0.015623005448252023
1999,CHE,0.008197463153669994
1999,DEU,0.06920082575342508
1999,DNK,0.006257859862530079
1999,ESP,0.02023813138863545
1999,FIN,0.0031239439366769206
1999,FRA,0.04735465553568837
1999,GBR,0.03693544037379802
1999,ITA,0.0718015201575108
1999,JPN,0.3707944619568881
1999,NLD,0.013725407209416363
1999,NOR,0.0024429114227548622
1999,PRT,0.0037024690083838
1999,SWE,0.008938746347617927
1999,USA,0.31656967881282044
2000,AUS,0.004153403382592507
2000,BEL,0.01515814599667589
2000,CHE,0.008724254347366137
2000,DEU,0.06720310931969306
2000,DNK,0.0057932076827010275
2000,ESP,0.02020580145144615
2000,FIN,0.0031248704508102677
2000,FRA,0.0469666910014901
2000,GBR,0.03490897564865444
2000,ITA,0.07024725630010308
2000,JPN,0.3664592056688096
2000,NLD,0.012695555251343494
2000,NOR,0.0028007831318368963
2000,PRT,0.0037541868636454087
2000,SWE,0.007372011181157061
2000,USA,0.3304325423216749
2001,AUS,0.0037071823947750003
2001,BEL,0.015110949605600067
2001,CHE,0.008825796135304381
2001,DEU,0.06650125822004892
2001,DNK,0.005708585142654974
2001,ESP,0.020017746608763293
2001,FIN,0.003127058725068824
2001,FRA,0.04741525480623741
2001,GBR,0.03376096413498486
2001,ITA,0.07202652797063795
2001,JPN,0.3492990076287157
2001,NLD,0.012587118873132337
2001,NOR,0.002853769705450497
2001,PRT,0.004116154756194155
2001,SWE,0.007302204432329794
2001,USA,0.34764042086010183
2002,AUS,0.00335132738030414
2002,BEL,0.015736469214334102
2002,CHE,0.010444899764546874
2002,DEU,0.07170505240199468
2002,DNK,0.00604330070374117
2002,ESP,0.020989077823812236
2002,FIN,0.0032597823530660804
2002,FRA,0.052277764845010996
2002,GBR,0.03420145359428821
2002,ITA,0.07498991860462352
2002,JPN,0.35162471719997007
2002,NLD,0.01335780547625077
2002,NOR,0.003993929150585495
2002,PRT,0.004676773492477276
2002,SWE,0.007640250774120003
2002,USA,0.32570747722087445
2003,AUS,0.0035351229465999242
2003,BEL,0.016092982359518056
2003,CHE,0.009982779779072007
2003,DEU,0.0787887443622675
2003,DNK,0.0060867295397429525
2003,ESP,0.021539816529768892
2003,FIN,0.0036504162743910373
2003,FRA,0.05910649976391333
2003,GBR,0.03546496406932175
2003,ITA,0.07860644074962916
2003,JPN,0.3489155242008409
2003,NLD,0.014422342924031181
2003,NOR,0.004544289249290814
2003,PRT,0.00525213661745394
2003,SWE,0.008255798753245265
2003,USA,0.3057554118809132
2004,AUS,0.003218134235776139
2004,BEL,0.015788294792512217
2004,CHE,0.010307906411395203
2004,DEU,0.08046358808425658
2004,DNK,0.005931295436766572
2004,ESP,0.021336125130212255
2004,FIN,0.0037046306213518124
2004,FRA,0.061488408044671566
2004,GBR,0.03940587764835386
2004,ITA,0.0792343174148461
2004,JPN,0.34507233387788433
2004,NLD,0.01456428323021237
2004,NOR,0.005172192974432362
2004,PRT,0.0055904635775120125
2004,SWE,0.008329075457978001
2004,USA,0.3003930730618387
2005,AUS,0.0030810882087584923
2005,BEL,0.014540449657243503
2005,CHE,0.009100807545215833
2005,DEU,0.07600001589387474
2005,DNK,0.004755245167169499
2005,ESP,0.01940465061880541
2005,FIN,0.003242941839471148
2005,FRA,0.058681536001681585
2005,GBR,0.039888609008665525
2005,ITA,0.07476499077805311
2005,JPN,0.32889201709887317
2005,NLD,0.013528831827250332
2005,NOR,0.005201830657612551
2005,PRT,0.0056492380787595406
2005,SWE,0.0074962144114532675
2005,USA,0.3357715332071123
2006,AUS,0.003062806348102755
2006,BEL,0.0152829717005715
2006,CHE,0.008581515298814894
2006,DEU,0.0817261436748768
2006,DNK,0.00475451458024667
2006,ESP,0.02014347354740308
2006,FIN,0.0033849121348845943
2006,FRA,0.06134005921563826
2006,GBR,0.04581012248082953
2006,ITA,0.08144983141756125
2006,JPN,0.30540467259500165
2006,NLD,0.0135706639167038
2006,NOR,0.007362012949342325
2006,PRT,0.0062926964659640195
2006,SWE,0.007732980194755704
2006,USA,0.33410062347930314
2007,AUS,0.0033586182836447456
2007,BEL,0.015981515428033135
2007,CHE,0.008476195821345235
2007,DEU,0.08521753898307094
2007,DNK,0.004223600217551974
2007,ESP,0.020493025484425716
2007,FIN,0.0033789950434630752
2007,FRA,0.06674693093489875
2007,GBR,0.046764876136350615
2007,ITA,0.08542569474621488
2007,JPN,0.2958464352777671
2007,NLD,0.014178000498996767
2007,NOR,0.007909212709605484
2007,PRT,0.00679930041476872
2007,SWE,0.007287437254682954
2007,USA,0.32791262276517996
2008,AUS,0.0030934801126400228
2008,BEL,0.01472263850026372
2008,CHE,0.008352528561602747
2008,DEU,0.07493348887260542
2008,DNK,0.004639096481672119
2008,ESP,0.019788397349157712
2008,FIN,0.002840755151365799
2008,FRA,0.06154164747858831
2008,GBR,0.03709912186946326
2008,ITA,0.07808308628628437
2008,JPN,0.33918426492397946
2008,NLD,0.015895141239775302
2008,NOR,0.005780000366898627
2008,PRT,0.006084343950346252
2008,SWE,0.005286425473481366
2008,USA,0.3226755833818756
2009,AUS,0.005402310597763828
2009,BEL,0.014354190196340575
2009,CHE,0.007234311259814438
2009,DEU,0.07380980327779268
2009,DNK,0.003978887266998585
2009,ESP,0.02354844580492186
2009,FIN,0.003120939863916554
2009,FRA,0.06648492359836092
2009,GBR,0.04573726347603791
2009,ITA,0.07604655318175554
2009,JPN,0.30660688102371225
2009,NLD,0.014665866778175891
2009,NOR,0.005165949090575437
2009,PRT,0.00636798213634939
2009,SWE,0.005488710030223659
2009,USA,0.3419869824172605
2010,AUS,0.006859407912469672
2010,BEL,0.012377703985715726
2010,CHE,0.007008615840928528
2010,DEU,0.0717928279503732
2010,DNK,0.0034953088480298698
2010,ESP,0.02206033915493444
2010,FIN,0.002998951880066974
2010,FRA,0.05780966007069768
2010,GBR,0.047675494963403016
2010,ITA,0.06526868957311875
2010,JPN,0.32469057794058725
2010,NLD,0.012869388219847656
2010,NOR,0.004758234188432802
2010,PRT,0.0061168535293451756
2010,SWE,0.005161161875259584
2010,USA,0.34905678406678964
2011,AUS,0.008208210152392696
2011,BEL,0.011934557020198551
2011,CHE,0.006710940331133821
2011,DEU,0.06592498801290783
2011,DNK,0.0035124679426040218
2011,ESP,0.02278918793151923
2011,FIN,0.002931324990919085
2011,FRA,0.055450177842389745
2011,GBR,0.04893222369927037
2011,ITA,0.060525241651382816
2011,JPN,0.3324003844153488
2011,NLD,0.012306156069930798
2011,NOR,0.003187492278182117
2011,PRT,0.0061787816627471934
2011,SWE,0.004769077007875329
2011,USA,0.35423878899119754
2012,AUS,0.00983205087984221
2012,BEL,0.01222047853391639
2012,CHE,0.006839805372470481
2012,DEU,0.0672580928212086
2012,DNK,0.0034409233436002956
2012,ESP,0.02687126765786565
2012,FIN,0.0032551111847540777
2012,FRA,0.05714626312291158
2012,GBR,0.051696773905759816
2012,ITA,0.062042773836961676
2012,JPN,0.29920453355311877
2012,NLD,0.01305516939577893
2012,NOR,0.003652843048042146
2012,PRT,0.006557275023011702
2012,SWE,0.00494067673847349
2012,USA,0.37198596158228414
2013,AUS,0.009539325977868033
2013,BEL,0.013128379184044083
2013,CHE,0.007074414288098564
2013,DEU,0.07009412686056468
2013,DNK,0.003602685233217513
2013,ESP,0.03095507472174719
2013,FIN,0.0036389294957212773
2013,FRA,0.06264214344925376
2013,GBR,0.05707510871888422
2013,ITA,0.06766038874641334
2013,JPN,0.2547757572464033
2013,NLD,0.014153101322844348
2013,NOR,0.003521140263079007
2013,PRT,0.007097368386266923
2013,SWE,0.005497581334136178
2013,USA,0.3895444747714577
2014,AUS,0.010519549926495399
2014,BEL,0.012344699864814679
2014,CHE,0.006673709803385031
2014,DEU,0.06341532324516636
2014,DNK,0.003380699378128079
2014,ESP,0.02975536013448459
2014,FIN,0.0035434869297389
2014,FRA,0.05839731582849163
2014,GBR,0.05942332131113882
2014,ITA,0.06306563936898552
2014,JPN,0.23680423260603256
2014,NLD,0.013043723689882951
2014,NOR,0.0029761927331309903
2014,PRT,0.006586068622736624
2014,SWE,0.005475803853808033
2014,USA,0.4245948727035798
2015,AUS,0.010720949511838152
2015,BEL,0.011434754669891092
2015,CHE,0.006798086340069892
2015,DEU,0.05699799579621416
2015,DNK,0.0028431084335171193
2015,ESP,0.027912674304960503
2015,FIN,0.0035091462204332124
2015,FRA,0.054810558402166844
2015,GBR,0.05958597078074333
2015,ITA,0.05841310150435242
2015,JPN,0.24433665292466192
2015,NLD,0.011632897989290066
2015,NOR,0.002922791008865599
2015,PRT,0.006149367978410506
2015,SWE,0.005289529896021915
2015,USA,0.43664241423856326
2016,AUS,0.011220706040390688
2016,BEL,0.010972672903081643
2016,CHE,0.006295584694881988
2016,DEU,0.05276648711227431
2016,DNK,0.0025627101549273094
2016,ESP,0.026838346624079527
2016,FIN,0.0033390191827474157
2016,FRA,0.053175511151010144
2016,GBR,0.049623262769192836
2016,ITA,0.05553649013173382
2016,JPN,0.2498010069235222
2016,NLD,0.01065844175567519
2016,NOR,0.003158664089927978
2016,PRT,0.005958932946159925
2016,SWE,0.0047453610151239
2016,USA,0.4533468025052711
2017,AUS,0.01216615855550406
2017,BEL,0.011722525975114367
2017,CHE,0.006310504877107907
2017,DEU,0.05455102079434086
2017,DNK,0.0027307304371071415
2017,ESP,0.029570206420795622
2017,FIN,0.0035745164519472754
2017,FRA,0.058214351940146646
2017,GBR,0.05266198765999794
2017,ITA,0.060152313640639186
2017,JPN,0.24409926896299916
2017,NLD,0.010853725270633016
2017,NOR,0.003339172805396406
2017,PRT,0.006382867382324177
2017,SWE,0.0049418812569112245
2017,USA,0.438728767569035
2018,AUS,0.011435668633113346
2018,BEL,0.011084436666336198
2018,CHE,0.006032359436868868
2018,DEU,0.04973403152523265
2018,DNK,0.002473597730933422
2018,ESP,0.028279293106606845
2018,FIN,0.003363676535629221
2018,FRA,0.055695201013311504
2018,GBR,0.04984041129722554
2018,ITA,0.05737925095196613
2018,JPN,0.24565329089073998
2018,NLD,0.009778564838964865
2018,NOR,0.0034139084589195515
2018,PRT,0.006007511556037327
2018,SWE,0.004415233942332906
2018,USA,0.4554135634157816
2019,AUS,0.012957707121087613
2019,BEL,0.010625349075927902
2019,CHE,0.006074312990748254
2019,DEU,0.046727978675017726
2019,DNK,0.0023710743106255213
2019,ESP,0.027142617884536844
2019,FIN,0.0032601147446744572
2019,FRA,0.05424003100337044
2019,GBR,0.05126697501116506
2019,ITA,0.05519682310905713
2019,JPN,0.24429466931184732
2019,NLD,0.00900848817143689
2019,NOR,0.003376721875984125
2019,PRT,0.005707287948138295
2019,SWE,0.0038512650922877404
2019,USA,0.4638985836740947
2020,AUS,0.015287502656757743
2020,BEL,0.010887926706380377
2020,CHE,0.005925910992140637
2020,DEU,0.049512422111736405
2020,DNK,0.0028227007971657024
2020,ESP,0.02879152391132979
2020,FIN,0.003539666621056166
2020,FRA,0.056677913160669544
2020,GBR,0.05261697879651151
2020,ITA,0.05523345965606394
2020,JPN,0.22988140121118705
2020,NLD,0.009301939360776001
2020,NOR,0.002888378053212203
2020,PRT,0.005786838352215865
2020,SWE,0.004214353841415157
2020,USA,0.466631083771382
