Year,Country,Percentage
1870,US,0.0647887323943662
1871,US,0.07183098591549296
1872,US,0.0772300469483568
1873,US,0.08204225352112676
1874,US,0.08690140845070422
1875,US,0.09830985915492957
1876,US,0.1060093896713615
1877,US,0.11107981220657277
1879,US,0.1155868544600939
1880,US,0.1212206572769953
1881,US,0.12586854460093896
1882,US,0.1303755868544601
1883,US,0.1336150234741784
1884,US,0.13530516431924883
1885,US,0.1360093896713615
1886,US,0.13572769953051642
1887,US,0.1372300469483568
1888,US,0.1403286384976526
1889,US,0.14455399061032864
1891,US,0.14906103286384975
1892,US,0.15173708920187795
1893,US,0.15136150234741783
1894,US,0.15558685446009388
1895,US,0.15896713615023475
1896,US,0.15938967136150234
1897,US,0.16093896713615025
1898,US,0.1676056338028169
1899,US,0.1715492957746479
1900,US,0.1776056338028169
1901,US,0.18901408450704227
1903,US,0.2056338028169014
1904,US,0.2202816901408451
1905,US,0.2345539906103286
1906,US,0.24187793427230048
1907,US,0.23877934272300466
1908,US,0.23258215962441314
1909,US,0.23314553990610326
1910,US,0.23112676056338027
1911,US,0.23347417840375587
1912,US,0.24107981220657276
1913,US,0.23460093896713613
1915,US,0.23769953051643194
1916,US,0.23981220657276997
1917,US,0.23868544600938968
1918,US,0.23868544600938968
1919,US,0.2605164319248826
1920,US,0.2724882629107982
1921,US,0.2862910798122066
1922,US,0.30582159624413147
1923,US,0.3292018779342723
1924,US,0.343849765258216
1925,US,0.3549765258215962
1927,US,0.374131455399061
1928,US,0.39985915492957746
1929,US,0.4159154929577465
1930,US,0.4252112676056338
1931,US,0.42366197183098586
1932,US,0.4074647887323944
1933,US,0.3756338028169014
1934,US,0.3480281690140845
1935,US,0.3257746478873239
1936,US,0.3129577464788732
1937,US,0.29183098591549295
1939,US,0.30704225352112674
1940,US,0.31906103286384974
1941,US,0.32737089201877934
1942,US,0.3375117370892019
1943,US,0.36582159624413146
1944,US,0.3684976525821596
1945,US,0.3850704225352113
1946,US,0.4128638497652582
1947,US,0.43934272300469485
1948,US,0.46300469483568074
1949,US,0.48835680751173705
1951,US,0.4870892018779343
1952,US,0.5051173708920189
1953,US,0.5173708920187794
1954,US,0.5311737089201878
1955,US,0.5397652582159624
1956,US,0.5634272300469484
1957,US,0.556338028169014
1958,US,0.5561971830985916
1959,US,0.5511267605633803
1960,US,0.5430985915492957
1961,US,0.54056338028169
1963,US,0.5388262910798123
1964,US,0.5369953051643193
1965,US,0.5405164319248826
1966,US,0.5499530516431925
1967,US,0.5596713615023474
1968,US,0.5711267605633803
1969,US,0.575774647887324
1970,US,0.5795774647887324
1971,US,0.5798591549295774
1972,US,0.5711267605633803
1973,US,0.5529577464788733
1975,US,0.5368075117370892
1976,US,0.5269483568075117
1977,US,0.5093427230046949
1978,US,0.48976525821596245
1979,US,0.48272300469483564
1980,US,0.48267605633802824
1981,US,0.4755399061032864
1982,US,0.47807511737089203
1983,US,0.4923004694835681
1984,US,0.4963849765258216
1985,US,0.4624413145539906
1987,US,0.42056338028169016
1988,US,0.37478873239436616
1989,US,0.32492957746478873
1990,US,0.2850704225352113
1991,US,0.2876056338028169
1992,US,0.3056338028169014
1993,US,0.3254460093896714
1994,US,0.341924882629108
1995,US,0.3575586854460094
1996,US,0.37389671361502347
1997,US,0.39136150234741784
1999,US,0.41239436619718306
2000,US,0.4364788732394366
2001,US,0.46183098591549293
2002,US,0.4729577464788732
2003,US,0.4711267605633803
2004,US,0.4636150234741784
2005,US,0.45037558685446005
2006,US,0.4217840375586854
2007,US,0.39093896713615023
2008,US,0.3671361502347418
2009,US,0.33098591549295775
2011,US,0.3009859154929578
2012,US,0.3063380281690141
2013,US,0.3201408450704225
2014,US,0.33380281690140845
2015,US,0.3628169014084507
2016,US,0.3924882629107981
2017,US,0.3996713615023474
2018,US,0.40572769953051646
2019,US,0.41136150234741786
2020,US,0.4168544600938967
2021,US,0.4235211267605634
1870,UK,0.36713615023474183
1871,UK,0.3684272300469484
1872,UK,0.37425665101721445
1873,UK,0.3817488262910798
1874,UK,0.3879342723004695
1875,UK,0.3976056338028169
1876,UK,0.4066666666666666
1877,UK,0.41258215962441314
1879,UK,0.4121596244131456
1880,UK,0.4092018779342723
1881,UK,0.40413145539906103
1882,UK,0.39830985915492956
1883,UK,0.39
1884,UK,0.38422535211267606
1885,UK,0.3812676056338028
1886,UK,0.3795774647887324
1887,UK,0.37638497652582165
1888,UK,0.37497652582159624
1889,UK,0.37356807511737095
1891,UK,0.3704694835680752
1892,UK,0.3663849765258216
1893,UK,0.3624413145539906
1894,UK,0.35652582159624413
1895,UK,0.35075117370892017
1896,UK,0.34511737089201877
1897,UK,0.339906103286385
1898,UK,0.33492957746478874
1899,UK,0.3296244131455399
1900,UK,0.3253990610328638
1901,UK,0.3224413145539906
1903,UK,0.3206103286384977
1904,UK,0.32173708920187793
1905,UK,0.3264319248826291
1906,UK,0.33009389671361505
1907,UK,0.33079812206572773
1908,UK,0.3347417840375587
1909,UK,0.3417840375586854
1910,UK,0.3470422535211268
1911,UK,0.3524413145539906
1912,UK,0.35934272300469483
1913,UK,0.3437089201877934
1915,UK,0.338075117370892
1916,UK,0.33061032863849765
1917,UK,0.3244131455399061
1918,UK,0.3179342723004695
1919,UK,0.3287793427230047
1920,UK,0.3242723004694835
1921,UK,0.3213145539906103
1922,UK,0.3181220657276995
1923,UK,0.31671361502347417
1924,UK,0.31699530516431923
1925,UK,0.31615023474178405
1927,UK,0.3013615023474178
1928,UK,0.2833333333333333
1929,UK,0.2595305164319249
1930,UK,0.231924882629108
1931,UK,0.2071361502347418
1932,UK,0.19896713615023476
1933,UK,0.19661971830985916
1934,UK,0.20347417840375587
1935,UK,0.220093896713615
1936,UK,0.24065727699530517
1937,UK,0.24699530516431922
1939,UK,0.2586854460093897
1940,UK,0.2631924882629108
1941,UK,0.25727699530516435
1942,UK,0.24643192488262908
1943,UK,0.24784037558685448
1944,UK,0.23784037558685447
1945,UK,0.22464788732394364
1946,UK,0.2131455399061033
1947,UK,0.20145539906103288
1948,UK,0.18807511737089203
1949,UK,0.17046948356807512
1951,UK,0.14793427230046946
1952,UK,0.13215962441314555
1953,UK,0.11694835680751173
1954,UK,0.10089201877934273
1955,UK,0.09272300469483569
1956,UK,0.09497652582159624
1957,UK,0.09380281690140845
1958,UK,0.08985915492957747
1959,UK,0.09
1960,UK,0.09140845070422535
1961,UK,0.09464788732394366
1963,UK,0.09694835680751174
1964,UK,0.1011737089201878
1965,UK,0.10089201877934273
1966,UK,0.09342723004694836
1967,UK,0.07934272300469483
1968,UK,0.06816901408450704
1969,UK,0.060375586854460095
1970,UK,0.05586854460093897
1971,UK,0.055305164319248826
1972,UK,0.05910798122065728
1973,UK,0.056995305164319256
1975,UK,0.05061032863849765
1976,UK,0.04497652582159624
1977,UK,0.041877934272300466
1978,UK,0.04046948356807512
1979,UK,0.043849765258215954
1980,UK,0.049577464788732394
1981,UK,0.054460093896713614
1982,UK,0.05741784037558686
1983,UK,0.05826291079812207
1984,UK,0.05812206572769953
1985,UK,0.05431924882629108
1987,UK,0.05582159624413145
1988,UK,0.05737089201877934
1989,UK,0.05793427230046948
1990,UK,0.06018779342723004
1991,UK,0.06751173708920188
1992,UK,0.07014084507042254
1993,UK,0.07267605633802818
1994,UK,0.07577464788732394
1995,UK,0.07563380281690142
1996,UK,0.07380281690140847
1997,UK,0.073943661971831
1999,UK,0.0731924882629108
2000,UK,0.07248826291079813
2001,UK,0.0727699530516432
2002,UK,0.07206572769953051
2003,UK,0.06896713615023474
2004,UK,0.06727699530516432
2005,UK,0.0660093896713615
2006,UK,0.06431924882629107
2007,UK,0.06276995305164319
2008,UK,0.060375586854460095
2009,UK,0.055352112676056345
2011,UK,0.0528169014084507
2012,UK,0.05309859154929577
2013,UK,0.05169014084507042
2014,UK,0.04915492957746479
2015,UK,0.049014084507042255
2016,UK,0.04586854460093896
2017,UK,0.040657276995305164
2018,UK,0.03727699530516432
2019,UK,0.03544600938967136
2020,UK,0.031784037558685446
2021,UK,0.02830985915492958
1870,DE,0.10328638497652581
1871,DE,0.10481220657276995
1872,DE,0.0985133020344288
1873,DE,0.09289906103286384
1874,DE,0.08896713615023474
1875,DE,0.0847887323943662
1876,DE,0.0804225352112676
1877,DE,0.08056338028169015
1879,DE,0.07816901408450705
1880,DE,0.07619718309859155
1881,DE,0.07126760563380281
1882,DE,0.06582159624413145
1883,DE,0.060328638497652576
1884,DE,0.06258215962441313
1885,DE,0.06525821596244132
1886,DE,0.07145539906103286
1887,DE,0.07953051643192488
1888,DE,0.08657276995305165
1889,DE,0.09093896713615024
1891,DE,0.09389671361502347
1892,DE,0.09431924882629109
1893,DE,0.0924413145539906
1894,DE,0.09314553990610329
1895,DE,0.09342723004694835
1896,DE,0.09469483568075117
1897,DE,0.09610328638497652
1898,DE,0.09830985915492957
1899,DE,0.09694835680751174
1900,DE,0.092018779342723
1901,DE,0.08539906103286385
1903,DE,0.07877934272300471
1904,DE,0.07061032863849766
1905,DE,0.06347417840375587
1906,DE,0.06107981220657277
1907,DE,0.059812206572769956
1908,DE,0.05657276995305164
1909,DE,0.05431924882629108
1910,DE,0.054647887323943656
1911,DE,0.05408450704225352
1912,DE,0.05253521126760563
1913,DE,0.05084507042253521
1915,DE,0.05112676056338028
1916,DE,0.04788732394366197
1917,DE,0.041877934272300466
1918,DE,0.03568075117370892
1919,DE,0.030469483568075117
1920,DE,0.0215962441314554
1921,DE,0.0139906103286385
1922,DE,0.008356807511737088
1923,DE,0.004413145539906104
1924,DE,0.003004694835680751
1925,DE,0.005821596244131455
1927,DE,0.00835680751173709
1928,DE,0.009859154929577466
1929,DE,0.012253521126760564
1930,DE,0.012957746478873239
1931,DE,0.014225352112676054
1932,DE,0.023802816901408445
1933,DE,0.03507042253521127
1934,DE,0.04225352112676056
1935,DE,0.04366197183098591
1936,DE,0.04183098591549295
1937,DE,0.03140845070422535
1939,DE,0.027464788732394364
1940,DE,0.027464788732394364
1941,DE,0.033943661971830984
1942,DE,0.04338028169014084
1943,DE,0.05267605633802817
1944,DE,0.04873239436619718
1945,DE,0.039436619718309855
1946,DE,0.029999999999999992
1947,DE,0.017464788732394362
1948,DE,0.005915492957746476
1949,DE,0.0008450704225352086
1951,DE,0.0005633802816901382
1952,DE,-2.7755575615628915e-18
1953,DE,-2.7755575615628915e-18
1954,DE,0.00014084507042253245
1955,DE,0.0004225352112676029
1956,DE,0.00042253521126760284
1957,DE,0.00042253521126760284
1958,DE,0.0015492957746478845
1959,DE,0.0021126760563380254
1960,DE,0.0026760563380281662
1961,DE,0.004225352112676053
1963,DE,0.0057276995305164296
1964,DE,0.0061502347417840345
1965,DE,0.006431924882629105
1966,DE,0.006431924882629105
1967,DE,0.0064319248826291055
1968,DE,0.00549295774647887
1969,DE,0.005070422535211265
1970,DE,0.006478873239436617
1971,DE,0.006197183098591546
1972,DE,0.004647887323943658
1973,DE,0.004084507042253518
1975,DE,0.004460093896713611
1976,DE,0.005023474178403753
1977,DE,0.0047417840375586825
1978,DE,0.005305164319248823
1979,DE,0.006572769953051639
1980,DE,0.006760563380281687
1981,DE,0.004366197183098589
1982,DE,0.004788732394366194
1983,DE,0.0052112676056338
1984,DE,0.003943661971830983
1985,DE,0.002253521126760561
1987,DE,0.00169014084507042
1988,DE,0.0009859154929577438
1989,DE,0.00028169014084506767
1990,DE,0.00028169014084506767
1991,DE,0.00028169014084506767
1992,DE,0.0005633802816901381
1993,DE,0.0020657276995305137
1994,DE,0.0020657276995305137
1995,DE,0.0022065727699530488
1996,DE,0.002347417840375584
1997,DE,0.003474178403755866
1999,DE,0.005539906103286382
2000,DE,0.007793427230046945
2001,DE,0.009765258215962438
2002,DE,0.011032863849765255
2003,DE,0.013145539906103284
2004,DE,0.012394366197183097
2005,DE,0.01112676056338028
2006,DE,0.012535211267605631
2007,DE,0.015492957746478872
2008,DE,0.015915492957746476
2009,DE,0.01633802816901408
2011,DE,0.016901408450704224
2012,DE,0.016478873239436618
2013,DE,0.014788732394366195
2014,DE,0.013380281690140841
2015,DE,0.013661971830985914
2016,DE,0.015023474178403754
2017,DE,0.015446009389671361
2018,DE,0.01713615023474178
2019,DE,0.01741784037558685
2020,DE,0.014741784037558681
2021,DE,0.01197183098591549
1870,FR,0.07230046948356808
1871,FR,0.06713615023474179
1872,FR,0.06964006259780908
1873,FR,0.0738849765258216
1874,FR,0.07572769953051643
1875,FR,0.07788732394366198
1876,FR,0.08183098591549295
1877,FR,0.08591549295774648
1879,FR,0.086056338028169
1880,FR,0.09098591549295773
1881,FR,0.10098591549295774
1882,FR,0.11037558685446007
1883,FR,0.11516431924882628
1884,FR,0.1172769953051643
1885,FR,0.11291079812206573
1886,FR,0.10361502347417839
1887,FR,0.09779342723004694
1888,FR,0.09370892018779342
1889,FR,0.09328638497652582
1891,FR,0.0948356807511737
1892,FR,0.09469483568075117
1893,FR,0.09187793427230047
1894,FR,0.09061032863849765
1895,FR,0.08835680751173709
1896,FR,0.08469483568075117
1897,FR,0.08103286384976525
1898,FR,0.07915492957746478
1899,FR,0.07591549295774648
1900,FR,0.07112676056338027
1901,FR,0.06816901408450704
1903,FR,0.06507042253521127
1904,FR,0.06
1905,FR,0.05624413145539906
1906,FR,0.054694835680751175
1907,FR,0.051596244131455395
1908,FR,0.04723004694835681
1909,FR,0.04708920187793427
1910,FR,0.0447887323943662
1911,FR,0.04361502347417841
1912,FR,0.04431924882629108
1913,FR,0.04671361502347418
1915,FR,0.0412206572769953
1916,FR,0.038826291079812204
1917,FR,0.036197183098591545
1918,FR,0.033380281690140845
1919,FR,0.03140845070422535
1920,FR,0.03408450704225352
1921,FR,0.03577464788732394
1922,FR,0.03615023474178404
1923,FR,0.035446009389671365
1924,FR,0.03291079812206573
1925,FR,0.027136150234741786
1927,FR,0.020938967136150236
1928,FR,0.017183098591549296
1929,FR,0.012957746478873239
1930,FR,0.010140845070422535
1931,FR,0.01084507042253521
1932,FR,0.018028169014084508
1933,FR,0.02169014084507042
1934,FR,0.02234741784037559
1935,FR,0.021361502347417842
1936,FR,0.019248826291079817
1937,FR,0.009812206572769953
1939,FR,0.0029107981220657278
1940,FR,0.00028169014084507044
1941,FR,0.00014084507042253522
1942,FR,0.00014084507042253522
1943,FR,0.00014084507042253522
1944,FR,0.0
1945,FR,0.0014084507042253522
1946,FR,0.005164319248826292
1947,FR,0.009530516431924882
1948,FR,0.012065727699530517
1949,FR,0.012769953051643194
1951,FR,0.011502347417840376
1952,FR,0.007746478873239438
1953,FR,0.0038028169014084506
1954,FR,0.0023943661971830986
1955,FR,0.0023943661971830986
1956,FR,0.002676056338028169
1957,FR,0.003802816901408451
1958,FR,0.003568075117370892
1959,FR,0.0024413145539906103
1960,FR,0.002300469483568075
1961,FR,0.002863849765258216
1963,FR,0.002488262910798122
1964,FR,0.0030046948356807516
1965,FR,0.0031455399061032867
1966,FR,0.0031455399061032867
1967,FR,0.0024413145539906107
1968,FR,0.0018309859154929577
1969,FR,0.0015023474178403756
1970,FR,0.002206572769953052
1971,FR,0.0019248826291079814
1972,FR,0.001643192488262911
1973,FR,0.0015023474178403756
1975,FR,0.0011267605633802815
1976,FR,0.0005633802816901409
1977,FR,0.00028169014084507044
1978,FR,0.00028169014084507044
1979,FR,0.00028169014084507044
1980,FR,0.000704225352112676
1981,FR,0.0004225352112676056
1982,FR,0.0004225352112676056
1983,FR,0.0004225352112676056
1984,FR,0.0004225352112676056
1985,FR,0.0
1987,FR,0.0
1988,FR,0.00014084507042253522
1989,FR,0.0007042253521126761
1990,FR,0.0007042253521126761
1991,FR,0.0007042253521126761
1992,FR,0.0014084507042253522
1993,FR,0.0014553990610328639
1994,FR,0.000892018779342723
1995,FR,0.000892018779342723
1996,FR,0.000892018779342723
1997,FR,0.0006103286384976526
1999,FR,0.002112676056338028
2000,FR,0.004084507042253521
2001,FR,0.005915492957746479
2002,FR,0.008450704225352112
2003,FR,0.010985915492957746
2004,FR,0.011924882629107982
2005,FR,0.013755868544600938
2006,FR,0.018262910798122065
2007,FR,0.02192488262910798
2008,FR,0.025446009389671363
2009,FR,0.027464788732394368
2011,FR,0.024507042253521127
2012,FR,0.021267605633802818
2013,FR,0.0176056338028169
2014,FR,0.012535211267605633
2015,FR,0.011549295774647889
2016,FR,0.013333333333333332
2017,FR,0.013051643192488263
2018,FR,0.015446009389671361
2019,FR,0.01685446009389671
2020,FR,0.014741784037558686
2021,FR,0.014647887323943662
1870,JP,0.0
1871,JP,0.0
1872,JP,0.0
1873,JP,0.0
1874,JP,0.0
1875,JP,0.0
1876,JP,0.0
1877,JP,0.0
1879,JP,0.0
1880,JP,0.0
1881,JP,0.0
1882,JP,0.0
1883,JP,0.0
1884,JP,0.0
1885,JP,0.0
1886,JP,0.0
1887,JP,0.0
1888,JP,0.0
1889,JP,0.0
1891,JP,0.0
1892,JP,0.0
1893,JP,0.0
1894,JP,0.0
1895,JP,0.0
1896,JP,0.0
1897,JP,0.0
1898,JP,0.0
1899,JP,0.0
1900,JP,0.0
1901,JP,0.0
1903,JP,0.0
1904,JP,0.0
1905,JP,0.0
1906,JP,0.0
1907,JP,0.0
1908,JP,0.0
1909,JP,0.0
1910,JP,0.0
1911,JP,0.0
1912,JP,0.0
1913,JP,0.0
1915,JP,0.0
1916,JP,0.0
1917,JP,0.0
1918,JP,0.0
1919,JP,0.0
1920,JP,0.0008450704225352112
1921,JP,0.0011267605633802815
1922,JP,0.0011267605633802815
1923,JP,0.0011267605633802815
1924,JP,0.0011267605633802815
1925,JP,0.00028169014084507044
1927,JP,0.0
1928,JP,0.0
1929,JP,0.0
1930,JP,0.0
1931,JP,0.0
1932,JP,0.0004225352112676056
1933,JP,0.0004225352112676056
1934,JP,0.0006103286384976526
1935,JP,0.0006103286384976526
1936,JP,0.0006103286384976526
1937,JP,0.00018779342723004695
1939,JP,0.0020187793427230045
1940,JP,0.004272300469483568
1941,JP,0.00568075117370892
1942,JP,0.008497652582159624
1943,JP,0.010751173708920187
1944,JP,0.011455399061032864
1945,JP,0.010985915492957746
1946,JP,0.009577464788732396
1947,JP,0.0067605633802816905
1948,JP,0.004507042253521128
1949,JP,0.0019718309859154933
1951,JP,0.0
1952,JP,0.0
1953,JP,0.0
1954,JP,0.0
1955,JP,0.0
1956,JP,0.0
1957,JP,0.0
1958,JP,0.0
1959,JP,0.00014084507042253522
1960,JP,0.0016901408450704226
1961,JP,0.003380281690140845
1963,JP,0.005258215962441315
1964,JP,0.006807511737089202
1965,JP,0.007511737089201878
1966,JP,0.007652582159624413
1967,JP,0.007511737089201878
1968,JP,0.008169014084507042
1969,JP,0.009999999999999998
1970,JP,0.013802816901408452
1971,JP,0.016901408450704224
1972,JP,0.022676056338028168
1973,JP,0.028732394366197185
1975,JP,0.03849765258215962
1976,JP,0.05089201877934272
1977,JP,0.06610328638497652
1978,JP,0.08173708920187793
1979,JP,0.09624413145539905
1980,JP,0.10619718309859157
1981,JP,0.11281690140845071
1982,JP,0.11845070422535212
1983,JP,0.12225352112676055
1984,JP,0.13028169014084506
1985,JP,0.13338028169014082
1987,JP,0.16737089201877933
1988,JP,0.20793427230046949
1989,JP,0.248075117370892
1990,JP,0.27018779342723004
1991,JP,0.2884976525821596
1992,JP,0.2711267605633803
1993,JP,0.2443661971830986
1994,JP,0.21788732394366198
1995,JP,0.19915492957746478
1996,JP,0.17830985915492956
1997,JP,0.1532394366197183
1999,JP,0.1301408450704225
2000,JP,0.10366197183098591
2001,JP,0.08028169014084507
2002,JP,0.06859154929577464
2003,JP,0.06957746478873239
2004,JP,0.06995305164319249
2005,JP,0.07248826291079813
2006,JP,0.0755868544600939
2007,JP,0.07544600938967136
2008,JP,0.07150234741784037
2009,JP,0.06450704225352114
2011,JP,0.0571830985915493
2012,JP,0.055633802816901404
2013,JP,0.05535211267605633
2014,JP,0.05478873239436619
2015,JP,0.0576056338028169
2016,JP,0.06140845070422535
2017,JP,0.06140845070422535
2018,JP,0.06211267605633802
2019,JP,0.06154929577464789
2020,JP,0.05845070422535211
2021,JP,0.052676056338028174
1870,Other,0.3924882629107981
1871,Other,0.3877934272300469
1872,Other,0.3803599374021909
1873,Other,0.369424882629108
1874,Other,0.3604694835680751
1875,Other,0.3414084507042253
1876,Other,0.3250704225352113
1877,Other,0.3098591549295774
1879,Other,0.30802816901408453
1880,Other,0.30239436619718313
1881,Other,0.29774647887323946
1882,Other,0.29511737089201884
1883,Other,0.3008920187793428
1884,Other,0.3006103286384977
1885,Other,0.3045539906103286
1886,Other,0.3096244131455399
1887,Other,0.3090610328638498
1888,Other,0.3044131455399061
1889,Other,0.2976525821596244
1891,Other,0.29173708920187796
1892,Other,0.29286384976525826
1893,Other,0.30187793427230053
1894,Other,0.30413145539906106
1895,Other,0.3084976525821597
1896,Other,0.31610328638497653
1897,Other,0.322018779342723
1898,Other,0.32
1899,Other,0.325962441314554
1900,Other,0.33384976525821597
1901,Other,0.3349765258215962
1903,Other,0.3299061032863849
1904,Other,0.32737089201877934
1905,Other,0.31929577464788733
1906,Other,0.3122535211267606
1907,Other,0.3190140845070423
1908,Other,0.3288732394366198
1909,Other,0.32366197183098594
1910,Other,0.32239436619718315
1911,Other,0.3163849765258216
1912,Other,0.30272300469483565
1913,Other,0.32413145539906096
1915,Other,0.3318779342723005
1916,Other,0.34286384976525824
1917,Other,0.35882629107981223
1918,Other,0.3743192488262911
1919,Other,0.3488262910798122
1920,Other,0.3467136150234741
1921,Other,0.3415023474178403
1922,Other,0.3304225352112676
1923,Other,0.3130985915492957
1924,Other,0.302112676056338
1925,Other,0.2956338028169014
1927,Other,0.2952112676056339
1928,Other,0.28976525821596244
1929,Other,0.2993427230046949
1930,Other,0.31976525821596247
1931,Other,0.34413145539906104
1932,Other,0.35131455399061035
1933,Other,0.37056338028169017
1934,Other,0.3832863849765259
1935,Other,0.3884976525821597
1936,Other,0.3846948356807512
1937,Other,0.4197652582159625
1939,Other,0.4018779342723005
1940,Other,0.38572769953051644
1941,Other,0.3755868544600939
1942,Other,0.364037558685446
1943,Other,0.3227699530516432
1944,Other,0.3334741784037559
1945,Other,0.3384507042253521
1946,Other,0.3292488262910799
1947,Other,0.3254460093896714
1948,Other,0.3264319248826292
1949,Other,0.3255868544600939
1951,Other,0.3529107981220657
1952,Other,0.3549765258215962
1953,Other,0.36187793427230047
1954,Other,0.36539906103286385
1955,Other,0.3646948356807512
1956,Other,0.3384976525821596
1957,Other,0.34563380281690137
1958,Other,0.3488262910798122
1959,Other,0.35417840375586856
1960,Other,0.35882629107981223
1961,Other,0.35431924882629107
1963,Other,0.3507511737089202
1964,Other,0.345868544600939
1965,Other,0.34150234741784036
1966,Other,0.3393896713615024
1967,Other,0.34460093896713617
1968,Other,0.3452112676056338
1969,Other,0.3472769953051643
1970,Other,0.34206572769953053
1971,Other,0.33981220657276995
1972,Other,0.3407981220657277
1973,Other,0.3557276995305164
1975,Other,0.3684976525821596
1976,Other,0.3715962441314554
1977,Other,0.3776525821596244
1978,Other,0.3824413145539906
1979,Other,0.37032863849765263
1980,Other,0.3540845070422535
1981,Other,0.3523943661971831
1982,Other,0.3408450704225352
1983,Other,0.32154929577464786
1984,Other,0.3108450704225351
1985,Other,0.3476056338028169
1987,Other,0.35455399061032866
1988,Other,0.3587793427230047
1989,Other,0.368075117370892
1990,Other,0.3835680751173709
1991,Other,0.35539906103286384
1992,Other,0.35112676056338027
1993,Other,0.3539906103286385
1994,Other,0.36145539906103286
1995,Other,0.36455399061032867
1996,Other,0.3707511737089202
1997,Other,0.3773708920187793
1999,Other,0.37661971830985913
2000,Other,0.37549295774647884
2001,Other,0.3694366197183099
2002,Other,0.3669014084507042
2003,Other,0.3661971830985916
2004,Other,0.37483568075117374
2005,Other,0.3862441314553991
2006,Other,0.4075117370892018
2007,Other,0.43342723004694833
2008,Other,0.4596244131455398
2009,Other,0.5053521126760563
2011,Other,0.547605633802817
2012,Other,0.5471830985915493
2013,Other,0.5404225352112677
2014,Other,0.5363380281690141
2015,Other,0.5053521126760563
2016,Other,0.4718779342723004
2017,Other,0.46976525821596243
2018,Other,0.46230046948356807
2019,Other,0.45737089201877923
2020,Other,0.4634272300469483
2021,Other,0.4688732394366196
