Country,Year,Percentage
AUS,1870,0.021544079290558158
AUS,1871,0.02113110763345505
AUS,1872,0.020096504955659882
AUS,1873,0.019014084507042256
AUS,1874,0.017749087115284296
AUS,1875,0.017097026604068855
AUS,1876,0.016444966092853414
AUS,1877,0.017005738132498695
AUS,1878,0.017005738132498695
AUS,1879,0.016914449660928536
AUS,1880,0.01662754303599374
AUS,1881,0.01590158233350722
AUS,1882,0.01630585985046079
AUS,1883,0.017270909407059644
AUS,1884,0.017788210745957225
AUS,1885,0.017436098069900888
AUS,1886,0.016684054946965746
AUS,1887,0.016292818640236482
AUS,1888,0.016162406537993394
AUS,1889,0.016184141888367243
AUS,1890,0.016184141888367243
AUS,1891,0.016366718831507567
AUS,1892,0.01707529125369501
AUS,1893,0.01744044513997566
AUS,1894,0.017609980872891673
AUS,1895,0.01750130412102243
AUS,1896,0.018022952529994783
AUS,1897,0.018140323422013563
AUS,1898,0.01835332985567727
AUS,1899,0.018705442531733608
AUS,1900,0.018888019474873927
AUS,1901,0.018388106416275425
AUS,1902,0.018388106416275425
AUS,1903,0.017540427751695356
AUS,1904,0.016901408450704227
AUS,1905,0.01707094418362024
AUS,1906,0.01811424100156495
AUS,1907,0.01927490871152843
AUS,1908,0.01859676577986437
AUS,1909,0.017214397496087636
AUS,1910,0.015914623543731524
AUS,1911,0.0161754477482177
AUS,1912,0.019435750304294903
AUS,1913,0.02003129890453834
AUS,1914,0.02003129890453834
AUS,1915,0.02093114241001565
AUS,1916,0.019127108328986262
AUS,1917,0.020105199095809424
AUS,1918,0.019987828203790643
AUS,1919,0.018909754825247777
AUS,1920,0.017892540427751687
AUS,1921,0.017423056859676576
AUS,1922,0.016992696922274383
AUS,1923,0.016340636411058946
AUS,1924,0.015688575899843505
AUS,1925,0.016236306729264478
AUS,1926,0.016236306729264478
AUS,1927,0.01627977743001217
AUS,1928,0.017336115458181183
AUS,1929,0.018614154060163448
AUS,1930,0.020722483046426706
AUS,1931,0.021048513302034427
AUS,1932,0.020983307250912884
AUS,1933,0.02096157190053904
AUS,1934,0.02205703355938098
AUS,1935,0.02203095113893236
AUS,1936,0.024426186750130415
AUS,1937,0.02222222222222222
AUS,1938,0.02222222222222222
AUS,1939,0.021057207442183968
AUS,1940,0.017966440619022778
AUS,1941,0.018527212658668055
AUS,1942,0.01859676577986437
AUS,1943,0.018322900365153886
AUS,1944,0.018688054251434532
AUS,1945,0.018566336289340984
AUS,1946,0.017783863675882455
AUS,1947,0.01748391584072335
AUS,1948,0.017983828899321857
AUS,1949,0.02123109024517475
AUS,1950,0.02123109024517475
AUS,1951,0.0212093548948009
AUS,1952,0.021144148843679357
AUS,1953,0.018640236480612065
AUS,1954,0.018883672404799164
AUS,1955,0.019066249347939487
AUS,1956,0.019379238393322902
AUS,1957,0.019674839158407235
AUS,1958,0.02009215788558511
AUS,1959,0.020105199095809424
AUS,1960,0.019574856546687534
AUS,1961,0.019061902277864723
AUS,1962,0.019061902277864723
AUS,1963,0.01847504781777082
AUS,1964,0.018905407755173017
AUS,1965,0.01905320813771518
AUS,1966,0.01945748565466875
AUS,1967,0.019405320813771516
AUS,1968,0.019205355590332117
AUS,1969,0.018670665971135453
AUS,1970,0.018553295079116672
AUS,1971,0.018857589984350547
AUS,1972,0.020670318205529472
AUS,1973,0.02186141540601634
AUS,1974,0.02186141540601634
AUS,1975,0.021522343940184315
AUS,1976,0.02058337680403408
AUS,1977,0.02014866979655712
AUS,1978,0.020552947313510695
AUS,1979,0.019679186228482002
AUS,1980,0.01874021909233177
AUS,1981,0.017853416797078768
AUS,1982,0.01713615023474178
AUS,1983,0.01670579029733959
AUS,1984,0.020305164319248826
AUS,1985,0.021796209354894798
AUS,1986,0.021796209354894798
AUS,1987,0.022291775343418533
AUS,1988,0.019031472787341328
AUS,1989,0.019392279603547207
AUS,1990,0.019992175273865414
AUS,1991,0.020226917057902975
AUS,1992,0.01955312119631368
AUS,1993,0.01959224482698661
AUS,1994,0.020635541644931317
AUS,1995,0.02154407929055816
AUS,1996,0.021700573813249868
AUS,1997,0.020670318205529472
AUS,1998,0.020670318205529472
AUS,1999,0.02003129890453834
AUS,2000,0.019900886802295254
AUS,2001,0.02064423578508086
AUS,2002,0.020839853938445486
AUS,2003,0.02117023126412798
AUS,2004,0.021822291775343415
AUS,2005,0.023726308468092504
AUS,2006,0.026069379238393316
AUS,2007,0.02763432446531038
AUS,2008,0.030229525299947834
AUS,2009,0.0323943661971831
AUS,2010,0.0323943661971831
AUS,2011,0.031833594157537816
AUS,2012,0.029316640584246215
AUS,2013,0.026591027647365678
AUS,2014,0.026356285863328114
AUS,2015,0.026047643888019473
AUS,2016,0.025669448791514518
AUS,2017,0.025330377325682486
AUS,2018,0.025247782994261864
AUS,2019,0.025769431403234216
AUS,2020,0.026656233698487214
AUS,2021,0.027249608763693266
BEL,1870,0.021544079290558158
BEL,1871,0.02113110763345505
BEL,1872,0.020096504955659882
BEL,1873,0.019014084507042256
BEL,1874,0.017749087115284296
BEL,1875,0.017097026604068855
BEL,1876,0.016444966092853414
BEL,1877,0.017005738132498695
BEL,1878,0.017005738132498695
BEL,1879,0.016914449660928536
BEL,1880,0.01662754303599374
BEL,1881,0.01590158233350722
BEL,1882,0.01630585985046079
BEL,1883,0.017270909407059644
BEL,1884,0.017788210745957225
BEL,1885,0.017436098069900888
BEL,1886,0.016684054946965746
BEL,1887,0.016292818640236482
BEL,1888,0.016162406537993394
BEL,1889,0.016184141888367243
BEL,1890,0.016184141888367243
BEL,1891,0.016366718831507567
BEL,1892,0.01707529125369501
BEL,1893,0.01744044513997566
BEL,1894,0.017609980872891673
BEL,1895,0.01750130412102243
BEL,1896,0.018022952529994783
BEL,1897,0.018140323422013563
BEL,1898,0.01835332985567727
BEL,1899,0.018705442531733608
BEL,1900,0.018888019474873927
BEL,1901,0.018388106416275425
BEL,1902,0.018388106416275425
BEL,1903,0.017540427751695356
BEL,1904,0.016901408450704227
BEL,1905,0.01707094418362024
BEL,1906,0.01811424100156495
BEL,1907,0.01927490871152843
BEL,1908,0.01859676577986437
BEL,1909,0.017214397496087636
BEL,1910,0.015914623543731524
BEL,1911,0.0161754477482177
BEL,1912,0.019435750304294903
BEL,1913,0.02003129890453834
BEL,1914,0.02003129890453834
BEL,1915,0.02093114241001565
BEL,1916,0.019127108328986262
BEL,1917,0.020105199095809424
BEL,1918,0.019987828203790643
BEL,1919,0.018909754825247777
BEL,1920,0.017892540427751687
BEL,1921,0.017423056859676576
BEL,1922,0.016992696922274383
BEL,1923,0.016340636411058946
BEL,1924,0.015688575899843505
BEL,1925,0.016236306729264478
BEL,1926,0.016236306729264478
BEL,1927,0.01627977743001217
BEL,1928,0.017336115458181183
BEL,1929,0.018614154060163448
BEL,1930,0.020722483046426706
BEL,1931,0.021048513302034427
BEL,1932,0.020983307250912884
BEL,1933,0.02096157190053904
BEL,1934,0.02205703355938098
BEL,1935,0.02203095113893236
BEL,1936,0.024426186750130415
BEL,1937,0.02222222222222222
BEL,1938,0.02222222222222222
BEL,1939,0.021057207442183968
BEL,1940,0.017966440619022778
BEL,1941,0.018527212658668055
BEL,1942,0.01859676577986437
BEL,1943,0.018322900365153886
BEL,1944,0.018688054251434532
BEL,1945,0.018566336289340984
BEL,1946,0.017783863675882455
BEL,1947,0.01748391584072335
BEL,1948,0.017983828899321857
BEL,1949,0.02123109024517475
BEL,1950,0.02123109024517475
BEL,1951,0.0212093548948009
BEL,1952,0.021144148843679357
BEL,1953,0.018640236480612065
BEL,1954,0.018883672404799164
BEL,1955,0.019066249347939487
BEL,1956,0.019379238393322902
BEL,1957,0.019674839158407235
BEL,1958,0.02009215788558511
BEL,1959,0.020105199095809424
BEL,1960,0.019574856546687534
BEL,1961,0.019061902277864723
BEL,1962,0.019061902277864723
BEL,1963,0.01847504781777082
BEL,1964,0.018905407755173017
BEL,1965,0.01905320813771518
BEL,1966,0.01945748565466875
BEL,1967,0.019405320813771516
BEL,1968,0.019205355590332117
BEL,1969,0.018670665971135453
BEL,1970,0.018553295079116672
BEL,1971,0.018857589984350547
BEL,1972,0.020670318205529472
BEL,1973,0.02186141540601634
BEL,1974,0.02186141540601634
BEL,1975,0.021522343940184315
BEL,1976,0.02058337680403408
BEL,1977,0.02014866979655712
BEL,1978,0.020552947313510695
BEL,1979,0.019679186228482002
BEL,1980,0.01874021909233177
BEL,1981,0.017853416797078768
BEL,1982,0.01713615023474178
BEL,1983,0.01670579029733959
BEL,1984,0.020305164319248826
BEL,1985,0.021796209354894798
BEL,1986,0.021796209354894798
BEL,1987,0.022291775343418533
BEL,1988,0.019031472787341328
BEL,1989,0.019392279603547207
BEL,1990,0.019992175273865414
BEL,1991,0.020226917057902975
BEL,1992,0.01955312119631368
BEL,1993,0.01959224482698661
BEL,1994,0.020635541644931317
BEL,1995,0.02154407929055816
BEL,1996,0.021700573813249868
BEL,1997,0.020670318205529472
BEL,1998,0.020670318205529472
BEL,1999,0.02003129890453834
BEL,2000,0.019900886802295254
BEL,2001,0.02064423578508086
BEL,2002,0.020839853938445486
BEL,2003,0.02117023126412798
BEL,2004,0.021822291775343415
BEL,2005,0.023726308468092504
BEL,2006,0.026069379238393316
BEL,2007,0.02763432446531038
BEL,2008,0.030229525299947834
BEL,2009,0.0323943661971831
BEL,2010,0.0323943661971831
BEL,2011,0.031833594157537816
BEL,2012,0.029316640584246215
BEL,2013,0.026591027647365678
BEL,2014,0.026356285863328114
BEL,2015,0.026047643888019473
BEL,2016,0.025669448791514518
BEL,2017,0.025330377325682486
BEL,2018,0.025247782994261864
BEL,2019,0.025769431403234216
BEL,2020,0.026656233698487214
BEL,2021,0.027249608763693266
CAN,1870,0.021544079290558158
CAN,1871,0.02113110763345505
CAN,1872,0.020096504955659882
CAN,1873,0.019014084507042256
CAN,1874,0.017749087115284296
CAN,1875,0.017097026604068855
CAN,1876,0.016444966092853414
CAN,1877,0.017005738132498695
CAN,1878,0.017005738132498695
CAN,1879,0.016914449660928536
CAN,1880,0.01662754303599374
CAN,1881,0.01590158233350722
CAN,1882,0.01630585985046079
CAN,1883,0.017270909407059644
CAN,1884,0.017788210745957225
CAN,1885,0.017436098069900888
CAN,1886,0.016684054946965746
CAN,1887,0.016292818640236482
CAN,1888,0.016162406537993394
CAN,1889,0.016184141888367243
CAN,1890,0.016184141888367243
CAN,1891,0.016366718831507567
CAN,1892,0.01707529125369501
CAN,1893,0.01744044513997566
CAN,1894,0.017609980872891673
CAN,1895,0.01750130412102243
CAN,1896,0.018022952529994783
CAN,1897,0.018140323422013563
CAN,1898,0.01835332985567727
CAN,1899,0.018705442531733608
CAN,1900,0.018888019474873927
CAN,1901,0.018388106416275425
CAN,1902,0.018388106416275425
CAN,1903,0.017540427751695356
CAN,1904,0.016901408450704227
CAN,1905,0.01707094418362024
CAN,1906,0.01811424100156495
CAN,1907,0.01927490871152843
CAN,1908,0.01859676577986437
CAN,1909,0.017214397496087636
CAN,1910,0.015914623543731524
CAN,1911,0.0161754477482177
CAN,1912,0.019435750304294903
CAN,1913,0.02003129890453834
CAN,1914,0.02003129890453834
CAN,1915,0.02093114241001565
CAN,1916,0.019127108328986262
CAN,1917,0.020105199095809424
CAN,1918,0.019987828203790643
CAN,1919,0.018909754825247777
CAN,1920,0.017892540427751687
CAN,1921,0.017423056859676576
CAN,1922,0.016992696922274383
CAN,1923,0.016340636411058946
CAN,1924,0.015688575899843505
CAN,1925,0.016236306729264478
CAN,1926,0.016236306729264478
CAN,1927,0.01627977743001217
CAN,1928,0.017336115458181183
CAN,1929,0.018614154060163448
CAN,1930,0.020722483046426706
CAN,1931,0.021048513302034427
CAN,1932,0.020983307250912884
CAN,1933,0.02096157190053904
CAN,1934,0.02205703355938098
CAN,1935,0.02203095113893236
CAN,1936,0.024426186750130415
CAN,1937,0.02222222222222222
CAN,1938,0.02222222222222222
CAN,1939,0.021057207442183968
CAN,1940,0.017966440619022778
CAN,1941,0.018527212658668055
CAN,1942,0.01859676577986437
CAN,1943,0.018322900365153886
CAN,1944,0.018688054251434532
CAN,1945,0.018566336289340984
CAN,1946,0.017783863675882455
CAN,1947,0.01748391584072335
CAN,1948,0.017983828899321857
CAN,1949,0.02123109024517475
CAN,1950,0.02123109024517475
CAN,1951,0.0212093548948009
CAN,1952,0.021144148843679357
CAN,1953,0.018640236480612065
CAN,1954,0.018883672404799164
CAN,1955,0.019066249347939487
CAN,1956,0.019379238393322902
CAN,1957,0.019674839158407235
CAN,1958,0.02009215788558511
CAN,1959,0.020105199095809424
CAN,1960,0.019574856546687534
CAN,1961,0.019061902277864723
CAN,1962,0.019061902277864723
CAN,1963,0.01847504781777082
CAN,1964,0.018905407755173017
CAN,1965,0.01905320813771518
CAN,1966,0.01945748565466875
CAN,1967,0.019405320813771516
CAN,1968,0.019205355590332117
CAN,1969,0.018670665971135453
CAN,1970,0.018553295079116672
CAN,1971,0.018857589984350547
CAN,1972,0.020670318205529472
CAN,1973,0.02186141540601634
CAN,1974,0.02186141540601634
CAN,1975,0.021522343940184315
CAN,1976,0.02058337680403408
CAN,1977,0.02014866979655712
CAN,1978,0.020552947313510695
CAN,1979,0.019679186228482002
CAN,1980,0.01874021909233177
CAN,1981,0.017853416797078768
CAN,1982,0.01713615023474178
CAN,1983,0.01670579029733959
CAN,1984,0.020305164319248826
CAN,1985,0.021796209354894798
CAN,1986,0.021796209354894798
CAN,1987,0.022291775343418533
CAN,1988,0.019031472787341328
CAN,1989,0.019392279603547207
CAN,1990,0.019992175273865414
CAN,1991,0.020226917057902975
CAN,1992,0.01955312119631368
CAN,1993,0.01959224482698661
CAN,1994,0.020635541644931317
CAN,1995,0.02154407929055816
CAN,1996,0.021700573813249868
CAN,1997,0.020670318205529472
CAN,1998,0.020670318205529472
CAN,1999,0.02003129890453834
CAN,2000,0.019900886802295254
CAN,2001,0.02064423578508086
CAN,2002,0.020839853938445486
CAN,2003,0.02117023126412798
CAN,2004,0.021822291775343415
CAN,2005,0.023726308468092504
CAN,2006,0.026069379238393316
CAN,2007,0.02763432446531038
CAN,2008,0.030229525299947834
CAN,2009,0.0323943661971831
CAN,2010,0.0323943661971831
CAN,2011,0.031833594157537816
CAN,2012,0.029316640584246215
CAN,2013,0.026591027647365678
CAN,2014,0.026356285863328114
CAN,2015,0.026047643888019473
CAN,2016,0.025669448791514518
CAN,2017,0.025330377325682486
CAN,2018,0.025247782994261864
CAN,2019,0.025769431403234216
CAN,2020,0.026656233698487214
CAN,2021,0.027249608763693266
CHE,1870,0.021544079290558158
CHE,1871,0.02113110763345505
CHE,1872,0.020096504955659882
CHE,1873,0.019014084507042256
CHE,1874,0.017749087115284296
CHE,1875,0.017097026604068855
CHE,1876,0.016444966092853414
CHE,1877,0.017005738132498695
CHE,1878,0.017005738132498695
CHE,1879,0.016914449660928536
CHE,1880,0.01662754303599374
CHE,1881,0.01590158233350722
CHE,1882,0.01630585985046079
CHE,1883,0.017270909407059644
CHE,1884,0.017788210745957225
CHE,1885,0.017436098069900888
CHE,1886,0.016684054946965746
CHE,1887,0.016292818640236482
CHE,1888,0.016162406537993394
CHE,1889,0.016184141888367243
CHE,1890,0.016184141888367243
CHE,1891,0.016366718831507567
CHE,1892,0.01707529125369501
CHE,1893,0.01744044513997566
CHE,1894,0.017609980872891673
CHE,1895,0.01750130412102243
CHE,1896,0.018022952529994783
CHE,1897,0.018140323422013563
CHE,1898,0.01835332985567727
CHE,1899,0.018705442531733608
CHE,1900,0.018888019474873927
CHE,1901,0.018388106416275425
CHE,1902,0.018388106416275425
CHE,1903,0.017540427751695356
CHE,1904,0.016901408450704227
CHE,1905,0.01707094418362024
CHE,1906,0.01811424100156495
CHE,1907,0.01927490871152843
CHE,1908,0.01859676577986437
CHE,1909,0.017214397496087636
CHE,1910,0.015914623543731524
CHE,1911,0.0161754477482177
CHE,1912,0.019435750304294903
CHE,1913,0.02003129890453834
CHE,1914,0.02003129890453834
CHE,1915,0.02093114241001565
CHE,1916,0.019127108328986262
CHE,1917,0.020105199095809424
CHE,1918,0.019987828203790643
CHE,1919,0.018909754825247777
CHE,1920,0.017892540427751687
CHE,1921,0.017423056859676576
CHE,1922,0.016992696922274383
CHE,1923,0.016340636411058946
CHE,1924,0.015688575899843505
CHE,1925,0.016236306729264478
CHE,1926,0.016236306729264478
CHE,1927,0.01627977743001217
CHE,1928,0.017336115458181183
CHE,1929,0.018614154060163448
CHE,1930,0.020722483046426706
CHE,1931,0.021048513302034427
CHE,1932,0.020983307250912884
CHE,1933,0.02096157190053904
CHE,1934,0.02205703355938098
CHE,1935,0.02203095113893236
CHE,1936,0.024426186750130415
CHE,1937,0.02222222222222222
CHE,1938,0.02222222222222222
CHE,1939,0.021057207442183968
CHE,1940,0.017966440619022778
CHE,1941,0.018527212658668055
CHE,1942,0.01859676577986437
CHE,1943,0.018322900365153886
CHE,1944,0.018688054251434532
CHE,1945,0.018566336289340984
CHE,1946,0.017783863675882455
CHE,1947,0.01748391584072335
CHE,1948,0.017983828899321857
CHE,1949,0.02123109024517475
CHE,1950,0.02123109024517475
CHE,1951,0.0212093548948009
CHE,1952,0.021144148843679357
CHE,1953,0.018640236480612065
CHE,1954,0.018883672404799164
CHE,1955,0.019066249347939487
CHE,1956,0.019379238393322902
CHE,1957,0.019674839158407235
CHE,1958,0.02009215788558511
CHE,1959,0.020105199095809424
CHE,1960,0.019574856546687534
CHE,1961,0.019061902277864723
CHE,1962,0.019061902277864723
CHE,1963,0.01847504781777082
CHE,1964,0.018905407755173017
CHE,1965,0.01905320813771518
CHE,1966,0.01945748565466875
CHE,1967,0.019405320813771516
CHE,1968,0.019205355590332117
CHE,1969,0.018670665971135453
CHE,1970,0.018553295079116672
CHE,1971,0.018857589984350547
CHE,1972,0.020670318205529472
CHE,1973,0.02186141540601634
CHE,1974,0.02186141540601634
CHE,1975,0.021522343940184315
CHE,1976,0.02058337680403408
CHE,1977,0.02014866979655712
CHE,1978,0.020552947313510695
CHE,1979,0.019679186228482002
CHE,1980,0.01874021909233177
CHE,1981,0.017853416797078768
CHE,1982,0.01713615023474178
CHE,1983,0.01670579029733959
CHE,1984,0.020305164319248826
CHE,1985,0.021796209354894798
CHE,1986,0.021796209354894798
CHE,1987,0.022291775343418533
CHE,1988,0.019031472787341328
CHE,1989,0.019392279603547207
CHE,1990,0.019992175273865414
CHE,1991,0.020226917057902975
CHE,1992,0.01955312119631368
CHE,1993,0.01959224482698661
CHE,1994,0.020635541644931317
CHE,1995,0.02154407929055816
CHE,1996,0.021700573813249868
CHE,1997,0.020670318205529472
CHE,1998,0.020670318205529472
CHE,1999,0.02003129890453834
CHE,2000,0.019900886802295254
CHE,2001,0.02064423578508086
CHE,2002,0.020839853938445486
CHE,2003,0.02117023126412798
CHE,2004,0.021822291775343415
CHE,2005,0.023726308468092504
CHE,2006,0.026069379238393316
CHE,2007,0.02763432446531038
CHE,2008,0.030229525299947834
CHE,2009,0.0323943661971831
CHE,2010,0.0323943661971831
CHE,2011,0.031833594157537816
CHE,2012,0.029316640584246215
CHE,2013,0.026591027647365678
CHE,2014,0.026356285863328114
CHE,2015,0.026047643888019473
CHE,2016,0.025669448791514518
CHE,2017,0.025330377325682486
CHE,2018,0.025247782994261864
CHE,2019,0.025769431403234216
CHE,2020,0.026656233698487214
CHE,2021,0.027249608763693266
DEU,1870,0.12635628586332812
DEU,1871,0.11964440966788385
DEU,1872,0.10953312467396974
DEU,1873,0.09741784037558686
DEU,1874,0.0949791340636411
DEU,1875,0.09714397496087637
DEU,1876,0.10095200834637454
DEU,1877,0.0954094940010433
DEU,1878,0.0954094940010433
DEU,1879,0.08827595200834637
DEU,1880,0.07836463223787167
DEU,1881,0.07536950095635542
DEU,1882,0.07436532776908364
DEU,1883,0.08119892192662145
DEU,1884,0.08821074595722483
DEU,1885,0.09771778821074595
DEU,1886,0.10439923491566684
DEU,1887,0.10987654320987653
DEU,1888,0.11256303251608417
DEU,1889,0.11055033907146583
DEU,1890,0.11055033907146583
DEU,1891,0.10955920709441838
DEU,1892,0.1072943835854634
DEU,1893,0.10977221352808207
DEU,1894,0.11252390888541124
DEU,1895,0.11562336984872196
DEU,1896,0.11614501825769431
DEU,1897,0.11649713093375065
DEU,1898,0.11444096678838464
DEU,1899,0.10681185880716397
DEU,1900,0.0954920883324639
DEU,1901,0.08622848200312988
DEU,1902,0.08622848200312988
DEU,1903,0.08021648408972352
DEU,1904,0.07644757433489828
DEU,1905,0.07567814293166406
DEU,1906,0.07672143974960877
DEU,1907,0.07561293688054252
DEU,1908,0.07000521648408972
DEU,1909,0.06815336463223787
DEU,1910,0.07037471744044514
DEU,1911,0.07180925056511911
DEU,1912,0.0694357503042949
DEU,1913,0.06651017214397496
DEU,1914,0.06651017214397496
DEU,1915,0.06412363067292645
DEU,1916,0.05864197530864197
DEU,1917,0.04999565292992523
DEU,1918,0.04095809424447922
DEU,1919,0.03158581116327595
DEU,1920,0.02493479394887845
DEU,1921,0.020083463745435574
DEU,1922,0.01824465310380803
DEU,1923,0.019001043296817944
DEU,1924,0.024139280125195617
DEU,1925,0.029851330203442883
DEU,1926,0.029851330203442883
DEU,1927,0.03036428447226569
DEU,1928,0.029307946444096677
DEU,1929,0.02894279255781603
DEU,1930,0.03645018257694314
DEU,1931,0.053912363067292635
DEU,1932,0.07192227438706311
DEU,1933,0.0796470179099287
DEU,1934,0.06548426360632933
DEU,1935,0.04902625630325161
DEU,1936,0.03921491914449661
DEU,1937,0.04616588419405321
DEU,1938,0.04616588419405321
DEU,1939,0.055798991479742654
DEU,1940,0.0656190227786472
DEU,1941,0.07204833941923144
DEU,1942,0.07540427751695357
DEU,1943,0.06691444966092853
DEU,1944,0.046857068335941575
DEU,1945,0.02842549121891845
DEU,1946,0.01919231438010781
DEU,1947,0.018422882976873587
DEU,1948,0.017983828899321857
DEU,1949,0.02123109024517475
DEU,1950,0.02123109024517475
DEU,1951,0.0212093548948009
DEU,1952,0.021144148843679357
DEU,1953,0.018874978264649622
DEU,1954,0.01958789775691184
DEU,1955,0.019770474700052162
DEU,1956,0.01984872196139802
DEU,1957,0.021552773430707703
DEU,1958,0.023143801078073373
DEU,1959,0.02456529299252304
DEU,1960,0.024739175795513824
DEU,1961,0.025556424969570512
DEU,1962,0.025556424969570512
DEU,1963,0.026143279429664403
DEU,1964,0.025634672230916367
DEU,1965,0.02468701095461659
DEU,1966,0.025091288471570158
DEU,1967,0.02433489827856025
DEU,1968,0.024604416623195968
DEU,1969,0.025478177708224654
DEU,1970,0.025360806816205873
DEU,1971,0.02378716744913928
DEU,1972,0.021609285341679708
DEU,1973,0.024365327769083633
DEU,1974,0.024365327769083633
DEU,1975,0.02895583376804034
DEU,1976,0.02848635019996522
DEU,1977,0.026486697965571203
DEU,1978,0.024074074074074074
DEU,1979,0.025547730829420967
DEU,1980,0.024608763693270738
DEU,1981,0.0227829942618675
DEU,1982,0.02089201877934272
DEU,1983,0.019522691705790293
DEU,1984,0.021948356807511737
DEU,1985,0.021796209354894798
DEU,1986,0.021796209354894798
DEU,1987,0.022291775343418533
DEU,1988,0.019500956355416446
DEU,1989,0.019861763171622325
DEU,1990,0.020461658841940532
DEU,1991,0.020696400625978092
DEU,1992,0.02252651712745609
DEU,1993,0.023035124326204137
DEU,1994,0.023843679360111284
DEU,1995,0.022483046426708397
DEU,1996,0.02451747522170057
DEU,1997,0.029199269692227435
DEU,1998,0.029199269692227435
DEU,1999,0.0325508607198748
DEU,2000,0.03359415753781951
DEU,2001,0.030738132498695885
DEU,2002,0.032576943140323424
DEU,2003,0.03408102938619371
DEU,2004,0.03449834811337159
DEU,2005,0.03640236480612068
DEU,2006,0.04132759520083463
DEU,2007,0.047352634324465306
DEU,2008,0.04947835159102765
DEU,2009,0.04741784037558685
DEU,2010,0.04741784037558685
DEU,2011,0.04544861763171622
DEU,2012,0.041992696922274385
DEU,2013,0.04044079290558164
DEU,2014,0.04091027647365675
DEU,2015,0.041462354373152495
DEU,2016,0.04272735176491045
DEU,2017,0.043796731003303765
DEU,2018,0.04308815858111632
DEU,2019,0.03914971309337506
DEU,2020,0.03346374543557642
DEU,2021,0.030418622848200308
DNK,1870,0.021544079290558158
DNK,1871,0.02113110763345505
DNK,1872,0.020096504955659882
DNK,1873,0.019014084507042256
DNK,1874,0.017749087115284296
DNK,1875,0.017097026604068855
DNK,1876,0.016444966092853414
DNK,1877,0.017005738132498695
DNK,1878,0.017005738132498695
DNK,1879,0.016914449660928536
DNK,1880,0.01662754303599374
DNK,1881,0.01590158233350722
DNK,1882,0.01630585985046079
DNK,1883,0.017270909407059644
DNK,1884,0.017788210745957225
DNK,1885,0.017436098069900888
DNK,1886,0.016684054946965746
DNK,1887,0.016292818640236482
DNK,1888,0.016162406537993394
DNK,1889,0.016184141888367243
DNK,1890,0.016184141888367243
DNK,1891,0.016366718831507567
DNK,1892,0.01707529125369501
DNK,1893,0.01744044513997566
DNK,1894,0.017609980872891673
DNK,1895,0.01750130412102243
DNK,1896,0.018022952529994783
DNK,1897,0.018140323422013563
DNK,1898,0.01835332985567727
DNK,1899,0.018705442531733608
DNK,1900,0.018888019474873927
DNK,1901,0.018388106416275425
DNK,1902,0.018388106416275425
DNK,1903,0.017540427751695356
DNK,1904,0.016901408450704227
DNK,1905,0.01707094418362024
DNK,1906,0.01811424100156495
DNK,1907,0.01927490871152843
DNK,1908,0.01859676577986437
DNK,1909,0.017214397496087636
DNK,1910,0.015914623543731524
DNK,1911,0.0161754477482177
DNK,1912,0.019435750304294903
DNK,1913,0.02003129890453834
DNK,1914,0.02003129890453834
DNK,1915,0.02093114241001565
DNK,1916,0.019127108328986262
DNK,1917,0.020105199095809424
DNK,1918,0.019987828203790643
DNK,1919,0.018909754825247777
DNK,1920,0.017892540427751687
DNK,1921,0.017423056859676576
DNK,1922,0.016992696922274383
DNK,1923,0.016340636411058946
DNK,1924,0.015688575899843505
DNK,1925,0.016236306729264478
DNK,1926,0.016236306729264478
DNK,1927,0.01627977743001217
DNK,1928,0.017336115458181183
DNK,1929,0.018614154060163448
DNK,1930,0.020722483046426706
DNK,1931,0.021048513302034427
DNK,1932,0.020983307250912884
DNK,1933,0.02096157190053904
DNK,1934,0.02205703355938098
DNK,1935,0.02203095113893236
DNK,1936,0.024426186750130415
DNK,1937,0.02222222222222222
DNK,1938,0.02222222222222222
DNK,1939,0.021057207442183968
DNK,1940,0.017966440619022778
DNK,1941,0.018527212658668055
DNK,1942,0.01859676577986437
DNK,1943,0.018322900365153886
DNK,1944,0.018688054251434532
DNK,1945,0.018566336289340984
DNK,1946,0.017783863675882455
DNK,1947,0.01748391584072335
DNK,1948,0.017983828899321857
DNK,1949,0.02123109024517475
DNK,1950,0.02123109024517475
DNK,1951,0.0212093548948009
DNK,1952,0.021144148843679357
DNK,1953,0.018640236480612065
DNK,1954,0.018883672404799164
DNK,1955,0.019066249347939487
DNK,1956,0.019379238393322902
DNK,1957,0.019674839158407235
DNK,1958,0.02009215788558511
DNK,1959,0.020105199095809424
DNK,1960,0.019574856546687534
DNK,1961,0.019061902277864723
DNK,1962,0.019061902277864723
DNK,1963,0.01847504781777082
DNK,1964,0.018905407755173017
DNK,1965,0.01905320813771518
DNK,1966,0.01945748565466875
DNK,1967,0.019405320813771516
DNK,1968,0.019205355590332117
DNK,1969,0.018670665971135453
DNK,1970,0.018553295079116672
DNK,1971,0.018857589984350547
DNK,1972,0.020670318205529472
DNK,1973,0.02186141540601634
DNK,1974,0.02186141540601634
DNK,1975,0.021522343940184315
DNK,1976,0.02058337680403408
DNK,1977,0.02014866979655712
DNK,1978,0.020552947313510695
DNK,1979,0.019679186228482002
DNK,1980,0.01874021909233177
DNK,1981,0.017853416797078768
DNK,1982,0.01713615023474178
DNK,1983,0.01670579029733959
DNK,1984,0.020305164319248826
DNK,1985,0.021796209354894798
DNK,1986,0.021796209354894798
DNK,1987,0.022291775343418533
DNK,1988,0.019031472787341328
DNK,1989,0.019392279603547207
DNK,1990,0.019992175273865414
DNK,1991,0.020226917057902975
DNK,1992,0.01955312119631368
DNK,1993,0.01959224482698661
DNK,1994,0.020635541644931317
DNK,1995,0.02154407929055816
DNK,1996,0.021700573813249868
DNK,1997,0.020670318205529472
DNK,1998,0.020670318205529472
DNK,1999,0.02003129890453834
DNK,2000,0.019900886802295254
DNK,2001,0.02064423578508086
DNK,2002,0.020839853938445486
DNK,2003,0.02117023126412798
DNK,2004,0.021822291775343415
DNK,2005,0.023726308468092504
DNK,2006,0.026069379238393316
DNK,2007,0.02763432446531038
DNK,2008,0.030229525299947834
DNK,2009,0.0323943661971831
DNK,2010,0.0323943661971831
DNK,2011,0.031833594157537816
DNK,2012,0.029316640584246215
DNK,2013,0.026591027647365678
DNK,2014,0.026356285863328114
DNK,2015,0.026047643888019473
DNK,2016,0.025669448791514518
DNK,2017,0.025330377325682486
DNK,2018,0.025247782994261864
DNK,2019,0.025769431403234216
DNK,2020,0.026656233698487214
DNK,2021,0.027249608763693266
ESP,1870,0.021544079290558158
ESP,1871,0.02113110763345505
ESP,1872,0.020096504955659882
ESP,1873,0.019014084507042256
ESP,1874,0.017749087115284296
ESP,1875,0.017097026604068855
ESP,1876,0.016444966092853414
ESP,1877,0.017005738132498695
ESP,1878,0.017005738132498695
ESP,1879,0.016914449660928536
ESP,1880,0.01662754303599374
ESP,1881,0.01590158233350722
ESP,1882,0.01630585985046079
ESP,1883,0.017270909407059644
ESP,1884,0.017788210745957225
ESP,1885,0.017436098069900888
ESP,1886,0.016684054946965746
ESP,1887,0.016292818640236482
ESP,1888,0.016162406537993394
ESP,1889,0.016184141888367243
ESP,1890,0.016184141888367243
ESP,1891,0.016366718831507567
ESP,1892,0.01707529125369501
ESP,1893,0.01744044513997566
ESP,1894,0.017609980872891673
ESP,1895,0.01750130412102243
ESP,1896,0.018022952529994783
ESP,1897,0.018140323422013563
ESP,1898,0.01835332985567727
ESP,1899,0.018705442531733608
ESP,1900,0.018888019474873927
ESP,1901,0.018388106416275425
ESP,1902,0.018388106416275425
ESP,1903,0.017540427751695356
ESP,1904,0.016901408450704227
ESP,1905,0.01707094418362024
ESP,1906,0.01811424100156495
ESP,1907,0.01927490871152843
ESP,1908,0.01859676577986437
ESP,1909,0.017214397496087636
ESP,1910,0.015914623543731524
ESP,1911,0.0161754477482177
ESP,1912,0.019435750304294903
ESP,1913,0.02003129890453834
ESP,1914,0.02003129890453834
ESP,1915,0.02093114241001565
ESP,1916,0.019127108328986262
ESP,1917,0.020105199095809424
ESP,1918,0.019987828203790643
ESP,1919,0.018909754825247777
ESP,1920,0.017892540427751687
ESP,1921,0.017423056859676576
ESP,1922,0.016992696922274383
ESP,1923,0.016340636411058946
ESP,1924,0.015688575899843505
ESP,1925,0.016236306729264478
ESP,1926,0.016236306729264478
ESP,1927,0.01627977743001217
ESP,1928,0.017336115458181183
ESP,1929,0.018614154060163448
ESP,1930,0.020722483046426706
ESP,1931,0.021048513302034427
ESP,1932,0.020983307250912884
ESP,1933,0.02096157190053904
ESP,1934,0.02205703355938098
ESP,1935,0.02203095113893236
ESP,1936,0.024426186750130415
ESP,1937,0.02222222222222222
ESP,1938,0.02222222222222222
ESP,1939,0.021057207442183968
ESP,1940,0.017966440619022778
ESP,1941,0.018527212658668055
ESP,1942,0.01859676577986437
ESP,1943,0.018322900365153886
ESP,1944,0.018688054251434532
ESP,1945,0.018566336289340984
ESP,1946,0.017783863675882455
ESP,1947,0.01748391584072335
ESP,1948,0.017983828899321857
ESP,1949,0.02123109024517475
ESP,1950,0.02123109024517475
ESP,1951,0.0212093548948009
ESP,1952,0.021144148843679357
ESP,1953,0.018640236480612065
ESP,1954,0.018883672404799164
ESP,1955,0.019066249347939487
ESP,1956,0.019379238393322902
ESP,1957,0.019674839158407235
ESP,1958,0.02009215788558511
ESP,1959,0.020105199095809424
ESP,1960,0.019574856546687534
ESP,1961,0.019061902277864723
ESP,1962,0.019061902277864723
ESP,1963,0.01847504781777082
ESP,1964,0.018905407755173017
ESP,1965,0.01905320813771518
ESP,1966,0.01945748565466875
ESP,1967,0.019405320813771516
ESP,1968,0.019205355590332117
ESP,1969,0.018670665971135453
ESP,1970,0.018553295079116672
ESP,1971,0.018857589984350547
ESP,1972,0.020670318205529472
ESP,1973,0.02186141540601634
ESP,1974,0.02186141540601634
ESP,1975,0.021522343940184315
ESP,1976,0.02058337680403408
ESP,1977,0.02014866979655712
ESP,1978,0.020552947313510695
ESP,1979,0.019679186228482002
ESP,1980,0.01874021909233177
ESP,1981,0.017853416797078768
ESP,1982,0.01713615023474178
ESP,1983,0.01670579029733959
ESP,1984,0.020305164319248826
ESP,1985,0.021796209354894798
ESP,1986,0.021796209354894798
ESP,1987,0.022291775343418533
ESP,1988,0.019031472787341328
ESP,1989,0.019392279603547207
ESP,1990,0.019992175273865414
ESP,1991,0.020226917057902975
ESP,1992,0.01955312119631368
ESP,1993,0.01959224482698661
ESP,1994,0.020635541644931317
ESP,1995,0.02154407929055816
ESP,1996,0.021700573813249868
ESP,1997,0.020670318205529472
ESP,1998,0.020670318205529472
ESP,1999,0.02003129890453834
ESP,2000,0.019900886802295254
ESP,2001,0.02064423578508086
ESP,2002,0.020839853938445486
ESP,2003,0.02117023126412798
ESP,2004,0.021822291775343415
ESP,2005,0.023726308468092504
ESP,2006,0.026069379238393316
ESP,2007,0.02763432446531038
ESP,2008,0.030229525299947834
ESP,2009,0.0323943661971831
ESP,2010,0.0323943661971831
ESP,2011,0.031833594157537816
ESP,2012,0.029316640584246215
ESP,2013,0.026591027647365678
ESP,2014,0.026356285863328114
ESP,2015,0.026047643888019473
ESP,2016,0.025669448791514518
ESP,2017,0.025330377325682486
ESP,2018,0.025247782994261864
ESP,2019,0.025769431403234216
ESP,2020,0.026656233698487214
ESP,2021,0.027249608763693266
FIN,1870,0.021544079290558158
FIN,1871,0.02113110763345505
FIN,1872,0.020096504955659882
FIN,1873,0.019014084507042256
FIN,1874,0.017749087115284296
FIN,1875,0.017097026604068855
FIN,1876,0.016444966092853414
FIN,1877,0.017005738132498695
FIN,1878,0.017005738132498695
FIN,1879,0.016914449660928536
FIN,1880,0.01662754303599374
FIN,1881,0.01590158233350722
FIN,1882,0.01630585985046079
FIN,1883,0.017270909407059644
FIN,1884,0.017788210745957225
FIN,1885,0.017436098069900888
FIN,1886,0.016684054946965746
FIN,1887,0.016292818640236482
FIN,1888,0.016162406537993394
FIN,1889,0.016184141888367243
FIN,1890,0.016184141888367243
FIN,1891,0.016366718831507567
FIN,1892,0.01707529125369501
FIN,1893,0.01744044513997566
FIN,1894,0.017609980872891673
FIN,1895,0.01750130412102243
FIN,1896,0.018022952529994783
FIN,1897,0.018140323422013563
FIN,1898,0.01835332985567727
FIN,1899,0.018705442531733608
FIN,1900,0.018888019474873927
FIN,1901,0.018388106416275425
FIN,1902,0.018388106416275425
FIN,1903,0.017540427751695356
FIN,1904,0.016901408450704227
FIN,1905,0.01707094418362024
FIN,1906,0.01811424100156495
FIN,1907,0.01927490871152843
FIN,1908,0.01859676577986437
FIN,1909,0.017214397496087636
FIN,1910,0.015914623543731524
FIN,1911,0.0161754477482177
FIN,1912,0.019435750304294903
FIN,1913,0.02003129890453834
FIN,1914,0.02003129890453834
FIN,1915,0.02093114241001565
FIN,1916,0.019127108328986262
FIN,1917,0.020105199095809424
FIN,1918,0.019987828203790643
FIN,1919,0.018909754825247777
FIN,1920,0.017892540427751687
FIN,1921,0.017423056859676576
FIN,1922,0.016992696922274383
FIN,1923,0.016340636411058946
FIN,1924,0.015688575899843505
FIN,1925,0.016236306729264478
FIN,1926,0.016236306729264478
FIN,1927,0.01627977743001217
FIN,1928,0.017336115458181183
FIN,1929,0.018614154060163448
FIN,1930,0.020722483046426706
FIN,1931,0.021048513302034427
FIN,1932,0.020983307250912884
FIN,1933,0.02096157190053904
FIN,1934,0.02205703355938098
FIN,1935,0.02203095113893236
FIN,1936,0.024426186750130415
FIN,1937,0.02222222222222222
FIN,1938,0.02222222222222222
FIN,1939,0.021057207442183968
FIN,1940,0.017966440619022778
FIN,1941,0.018527212658668055
FIN,1942,0.01859676577986437
FIN,1943,0.018322900365153886
FIN,1944,0.018688054251434532
FIN,1945,0.018566336289340984
FIN,1946,0.017783863675882455
FIN,1947,0.01748391584072335
FIN,1948,0.017983828899321857
FIN,1949,0.02123109024517475
FIN,1950,0.02123109024517475
FIN,1951,0.0212093548948009
FIN,1952,0.021144148843679357
FIN,1953,0.018640236480612065
FIN,1954,0.018883672404799164
FIN,1955,0.019066249347939487
FIN,1956,0.019379238393322902
FIN,1957,0.019674839158407235
FIN,1958,0.02009215788558511
FIN,1959,0.020105199095809424
FIN,1960,0.019574856546687534
FIN,1961,0.019061902277864723
FIN,1962,0.019061902277864723
FIN,1963,0.01847504781777082
FIN,1964,0.018905407755173017
FIN,1965,0.01905320813771518
FIN,1966,0.01945748565466875
FIN,1967,0.019405320813771516
FIN,1968,0.019205355590332117
FIN,1969,0.018670665971135453
FIN,1970,0.018553295079116672
FIN,1971,0.018857589984350547
FIN,1972,0.020670318205529472
FIN,1973,0.02186141540601634
FIN,1974,0.02186141540601634
FIN,1975,0.021522343940184315
FIN,1976,0.02058337680403408
FIN,1977,0.02014866979655712
FIN,1978,0.020552947313510695
FIN,1979,0.019679186228482002
FIN,1980,0.01874021909233177
FIN,1981,0.017853416797078768
FIN,1982,0.01713615023474178
FIN,1983,0.01670579029733959
FIN,1984,0.020305164319248826
FIN,1985,0.021796209354894798
FIN,1986,0.021796209354894798
FIN,1987,0.022291775343418533
FIN,1988,0.019031472787341328
FIN,1989,0.019392279603547207
FIN,1990,0.019992175273865414
FIN,1991,0.020226917057902975
FIN,1992,0.01955312119631368
FIN,1993,0.01959224482698661
FIN,1994,0.020635541644931317
FIN,1995,0.02154407929055816
FIN,1996,0.021700573813249868
FIN,1997,0.020670318205529472
FIN,1998,0.020670318205529472
FIN,1999,0.02003129890453834
FIN,2000,0.019900886802295254
FIN,2001,0.02064423578508086
FIN,2002,0.020839853938445486
FIN,2003,0.02117023126412798
FIN,2004,0.021822291775343415
FIN,2005,0.023726308468092504
FIN,2006,0.026069379238393316
FIN,2007,0.02763432446531038
FIN,2008,0.030229525299947834
FIN,2009,0.0323943661971831
FIN,2010,0.0323943661971831
FIN,2011,0.031833594157537816
FIN,2012,0.029316640584246215
FIN,2013,0.026591027647365678
FIN,2014,0.026356285863328114
FIN,2015,0.026047643888019473
FIN,2016,0.025669448791514518
FIN,2017,0.025330377325682486
FIN,2018,0.025247782994261864
FIN,2019,0.025769431403234216
FIN,2020,0.026656233698487214
FIN,2021,0.027249608763693266
FRA,1870,0.08868022952529994
FRA,1871,0.09077117023126413
FRA,1872,0.09450965049556598
FRA,1873,0.10046948356807513
FRA,1874,0.10202138758476786
FRA,1875,0.0997261345852895
FRA,1876,0.10306468440271256
FRA,1877,0.1050339071465832
FRA,1878,0.1050339071465832
FRA,1879,0.11362806468440269
FRA,1880,0.12601721439749608
FRA,1881,0.13906277169187967
FRA,1882,0.14322291775343418
FRA,1883,0.1324508781081551
FRA,1884,0.11872717788210746
FRA,1885,0.10757694314032341
FRA,1886,0.10737263084680926
FRA,1887,0.11120674665275604
FRA,1888,0.11412797774300121
FRA,1889,0.11219353155972872
FRA,1890,0.11219353155972872
FRA,1891,0.108150756390193
FRA,1892,0.10541644931316294
FRA,1893,0.10531211963136847
FRA,1894,0.10501217179620936
FRA,1895,0.10153886280646843
FRA,1896,0.09384454877412622
FRA,1897,0.0911450182576943
FRA,1898,0.09159276647539558
FRA,1899,0.08959746131107632
FRA,1900,0.08461571900539036
FRA,1901,0.07613458528951486
FRA,1902,0.07613458528951486
FRA,1903,0.07200052164840898
FRA,1904,0.07026604068857589
FRA,1905,0.07067031820552946
FRA,1906,0.06983568075117372
FRA,1907,0.06199791340636411
FRA,1908,0.06038080333854982
FRA,1909,0.05923317683881064
FRA,1910,0.06348895844201008
FRA,1911,0.06328029907842114
FRA,1912,0.06536689271431055
FRA,1913,0.057824726134585294
FRA,1914,0.057824726134585294
FRA,1915,0.053794992175273865
FRA,1916,0.04917405668579377
FRA,1917,0.054142757781255435
FRA,1918,0.05355590332116154
FRA,1919,0.05318205529473134
FRA,1920,0.054747000521648395
FRA,1921,0.05537297861241523
FRA,1922,0.05329942618675013
FRA,1923,0.04513562858633281
FRA,1924,0.03493740219092332
FRA,1925,0.028912363067292647
FRA,1926,0.028912363067292647
FRA,1927,0.028016866631890108
FRA,1928,0.030012171796209353
FRA,1929,0.02941227612589115
FRA,1930,0.02940792905581638
FRA,1931,0.04217527386541471
FRA,1932,0.051969222743870634
FRA,1933,0.05280820726830117
FRA,1934,0.038410711180664234
FRA,1935,0.026647539558337683
FRA,1936,0.024660928534167976
FRA,1937,0.02245696400625978
FRA,1938,0.02245696400625978
FRA,1939,0.02129194922622153
FRA,1940,0.01820118240306034
FRA,1941,0.01852721265866806
FRA,1942,0.018596765779864372
FRA,1943,0.01832290036515389
FRA,1944,0.02103547209181012
FRA,1945,0.027173535037384806
FRA,1946,0.033668057729090595
FRA,1947,0.03524604416623196
FRA,1948,0.03065988523735003
FRA,1949,0.02686489306207616
FRA,1950,0.02686489306207616
FRA,1951,0.022617805599026253
FRA,1952,0.022083115979829593
FRA,1953,0.021222396105025212
FRA,1954,0.022639540949400107
FRA,1955,0.022822117892540426
FRA,1956,0.023135106937923845
FRA,1957,0.022569987828203793
FRA,1958,0.022283081203268995
FRA,1959,0.02135715527734307
FRA,1960,0.02215701617110068
FRA,1961,0.022896018083811517
FRA,1962,0.022896018083811517
FRA,1963,0.022543905407755173
FRA,1964,0.02156581464093202
FRA,1965,0.02140062597809077
FRA,1966,0.021100678142931664
FRA,1967,0.02104851330203443
FRA,1968,0.02053555903321162
FRA,1969,0.020939836550165188
FRA,1970,0.021057207442183968
FRA,1971,0.020735524256651018
FRA,1972,0.021139801773604593
FRA,1973,0.021861415406016344
FRA,1974,0.021861415406016344
FRA,1975,0.021991827508259437
FRA,1976,0.0210528603721092
FRA,1977,0.02061815336463224
FRA,1978,0.0205529473135107
FRA,1979,0.02038341158059468
FRA,1980,0.019444444444444448
FRA,1981,0.018557642149191447
FRA,1982,0.017136150234741784
FRA,1983,0.016705790297339592
FRA,1984,0.02030516431924883
FRA,1985,0.0217962093548948
FRA,1986,0.0217962093548948
FRA,1987,0.022526517127456094
FRA,1988,0.020205181707529125
FRA,1989,0.020565988523735004
FRA,1990,0.02093114241001565
FRA,1991,0.02140062597809077
FRA,1992,0.02103981916188489
FRA,1993,0.021078942792557818
FRA,1994,0.020948530690314732
FRA,1995,0.021544079290558165
FRA,1996,0.022404799165362546
FRA,1997,0.024191444966092854
FRA,1998,0.024191444966092854
FRA,1999,0.026838810641627544
FRA,2000,0.029055816379760045
FRA,2001,0.031207616066771
FRA,2002,0.03304642670839854
FRA,2003,0.03470700747696053
FRA,2004,0.037471744044514
FRA,2005,0.045009563554164495
FRA,2006,0.053299426186750126
FRA,2007,0.05932446531038081
FRA,2008,0.05910276473656756
FRA,2009,0.05234741784037558
FRA,2010,0.05234741784037558
FRA,2011,0.0461528429838289
FRA,2012,0.04011476264997392
FRA,2013,0.038328116849243615
FRA,2014,0.03903234220135628
FRA,2015,0.03888019474873935
FRA,2016,0.04084941749260998
FRA,2017,0.042623022083115976
FRA,2018,0.04285341679707877
FRA,2019,0.041262389149713086
FRA,2020,0.03815858111632759
FRA,2021,0.03746087636932707
GBR,1870,0.38997130933750657
GBR,1871,0.3953877586506695
GBR,1872,0.40671622326551904
GBR,1873,0.4199530516431925
GBR,1874,0.428547209181012
GBR,1875,0.4314945226917058
GBR,1876,0.4317814293166406
GBR,1877,0.4278821074595722
GBR,1878,0.4278821074595722
GBR,1879,0.4220787689097548
GBR,1880,0.4133411580594679
GBR,1881,0.4072161363241176
GBR,1882,0.3996391931837941
GBR,1883,0.39497043992349157
GBR,1884,0.3945487741262389
GBR,1885,0.3967788210745957
GBR,1886,0.3949313162928187
GBR,1887,0.38914101895322556
GBR,1888,0.38384628760215617
GBR,1889,0.3830855503390715
GBR,1890,0.3830855503390715
GBR,1891,0.38139019300991134
GBR,1892,0.37677795166058076
GBR,1893,0.36704920883324643
GBR,1894,0.35923752390888536
GBR,1895,0.3555294731351069
GBR,1896,0.3553468961919666
GBR,1897,0.35147365675534686
GBR,1898,0.3421404973048166
GBR,1899,0.3361545818118588
GBR,1900,0.3361024169709616
GBR,1901,0.3406885758998435
GBR,1902,0.3406885758998435
GBR,1903,0.3447704747000522
GBR,1904,0.34733959311424095
GBR,1905,0.3503260302556077
GBR,1906,0.3504303599374022
GBR,1907,0.35542514345331244
GBR,1908,0.36531038080333855
GBR,1909,0.37472613458528947
GBR,1910,0.37866892714310557
GBR,1911,0.3777560424274039
GBR,1912,0.3500304294905234
GBR,1913,0.34280125195618155
GBR,1914,0.34280125195618155
GBR,1915,0.33055555555555555
GBR,1916,0.34972178751521477
GBR,1917,0.34811771865762475
GBR,1918,0.3475308641975308
GBR,1919,0.3414449660928534
GBR,1920,0.333150756390193
GBR,1921,0.33025560772039647
GBR,1922,0.3324074074074074
GBR,1923,0.3366849243609807
GBR,1924,0.33493740219092333
GBR,1925,0.30590766823161186
GBR,1926,0.30590766823161186
GBR,1927,0.27300904190575553
GBR,1928,0.2383846287602156
GBR,1929,0.22323074247956878
GBR,1930,0.21297600417318727
GBR,1931,0.2097809076682316
GBR,1932,0.21887063119457484
GBR,1933,0.23590679881759694
GBR,1934,0.2618848895844201
GBR,1935,0.28768040340810297
GBR,1936,0.2856937923839332
GBR,1937,0.28442879499217527
GBR,1938,0.28442879499217527
GBR,1939,0.2735611198052513
GBR,1940,0.27493044687880375
GBR,1941,0.26375412971657103
GBR,1942,0.2542775169535733
GBR,1943,0.24813510693792387
GBR,1944,0.2348852373500261
GBR,1945,0.21770561641453662
GBR,1946,0.20236915319074944
GBR,1947,0.19221005042601289
GBR,1948,0.17666927490871154
GBR,1949,0.148226395409494
GBR,1950,0.148226395409494
GBR,1951,0.12715614675708575
GBR,1952,0.11652756042427406
GBR,1953,0.11496261519735701
GBR,1954,0.11184141888367244
GBR,1955,0.10944183620239961
GBR,1956,0.11351069379238396
GBR,1957,0.1102851677969049
GBR,1958,0.10812032689966963
GBR,1959,0.10907233524604419
GBR,1960,0.11793166405842463
GBR,1961,0.12477395235611201
GBR,1962,0.12477395235611201
GBR,1963,0.1253608068162059
GBR,1964,0.11734046252825599
GBR,1965,0.10215179968701096
GBR,1966,0.08142931664058427
GBR,1967,0.07057902973395934
GBR,1968,0.07100504260128676
GBR,1969,0.07798209007129198
GBR,1970,0.08021213701964879
GBR,1971,0.07871674491392802
GBR,1972,0.07372196139801776
GBR,1973,0.06583637628238569
GBR,1974,0.06583637628238569
GBR,1975,0.0572813423752391
GBR,1976,0.05704660059120155
GBR,1977,0.06310641627543037
GBR,1978,0.0717266562336985
GBR,1979,0.07648669796557123
GBR,1980,0.07781690140845073
GBR,1981,0.07693009911319773
GBR,1982,0.07456964006259782
GBR,1983,0.07398278560250393
GBR,1984,0.07194835680751176
GBR,1985,0.0768040340810294
GBR,1986,0.0768040340810294
GBR,1987,0.08011650147800384
GBR,1988,0.08249000173882803
GBR,1989,0.08394627021387588
GBR,1990,0.08853677621283257
GBR,1991,0.09557902973395933
GBR,1992,0.09819161884889586
GBR,1993,0.09682229177534345
GBR,1994,0.09434446183272477
GBR,1995,0.0919666145018258
GBR,1996,0.09400104329681798
GBR,1997,0.09523995826812731
GBR,1998,0.09523995826812731
GBR,1999,0.0950704225352113
GBR,2000,0.09165362545644239
GBR,2001,0.08918883672404802
GBR,2002,0.08727177882107462
GBR,2003,0.08658494174926101
GBR,2004,0.08676751869240135
GBR,2005,0.08773256824900019
GBR,2006,0.08710224308815859
GBR,2007,0.08467657798643717
GBR,2008,0.08069900886802298
GBR,2009,0.08075117370892021
GBR,2010,0.08075117370892021
GBR,2011,0.08371152842983831
GBR,2012,0.08424621804903497
GBR,2013,0.07752999478351594
GBR,2014,0.07001825769431405
GBR,2015,0.06470179099287082
GBR,2016,0.06338462876021564
GBR,2017,0.06069813945400801
GBR,2018,0.05881585811163278
GBR,2019,0.054642670839853955
GBR,2020,0.050365153886280656
GBR,2021,0.047672143974960904
IRL,1870,0.021544079290558158
IRL,1871,0.02113110763345505
IRL,1872,0.020096504955659882
IRL,1873,0.019014084507042256
IRL,1874,0.017749087115284296
IRL,1875,0.017097026604068855
IRL,1876,0.016444966092853414
IRL,1877,0.017005738132498695
IRL,1878,0.017005738132498695
IRL,1879,0.016914449660928536
IRL,1880,0.01662754303599374
IRL,1881,0.01590158233350722
IRL,1882,0.01630585985046079
IRL,1883,0.017270909407059644
IRL,1884,0.017788210745957225
IRL,1885,0.017436098069900888
IRL,1886,0.016684054946965746
IRL,1887,0.016292818640236482
IRL,1888,0.016162406537993394
IRL,1889,0.016184141888367243
IRL,1890,0.016184141888367243
IRL,1891,0.016366718831507567
IRL,1892,0.01707529125369501
IRL,1893,0.01744044513997566
IRL,1894,0.017609980872891673
IRL,1895,0.01750130412102243
IRL,1896,0.018022952529994783
IRL,1897,0.018140323422013563
IRL,1898,0.01835332985567727
IRL,1899,0.018705442531733608
IRL,1900,0.018888019474873927
IRL,1901,0.018388106416275425
IRL,1902,0.018388106416275425
IRL,1903,0.017540427751695356
IRL,1904,0.016901408450704227
IRL,1905,0.01707094418362024
IRL,1906,0.01811424100156495
IRL,1907,0.01927490871152843
IRL,1908,0.01859676577986437
IRL,1909,0.017214397496087636
IRL,1910,0.015914623543731524
IRL,1911,0.0161754477482177
IRL,1912,0.019435750304294903
IRL,1913,0.02003129890453834
IRL,1914,0.02003129890453834
IRL,1915,0.02093114241001565
IRL,1916,0.019127108328986262
IRL,1917,0.020105199095809424
IRL,1918,0.019987828203790643
IRL,1919,0.018909754825247777
IRL,1920,0.017892540427751687
IRL,1921,0.017423056859676576
IRL,1922,0.016992696922274383
IRL,1923,0.016340636411058946
IRL,1924,0.015688575899843505
IRL,1925,0.016236306729264478
IRL,1926,0.016236306729264478
IRL,1927,0.01627977743001217
IRL,1928,0.017336115458181183
IRL,1929,0.018614154060163448
IRL,1930,0.020722483046426706
IRL,1931,0.021048513302034427
IRL,1932,0.020983307250912884
IRL,1933,0.02096157190053904
IRL,1934,0.02205703355938098
IRL,1935,0.02203095113893236
IRL,1936,0.024426186750130415
IRL,1937,0.02222222222222222
IRL,1938,0.02222222222222222
IRL,1939,0.021057207442183968
IRL,1940,0.017966440619022778
IRL,1941,0.018527212658668055
IRL,1942,0.01859676577986437
IRL,1943,0.018322900365153886
IRL,1944,0.018688054251434532
IRL,1945,0.018566336289340984
IRL,1946,0.017783863675882455
IRL,1947,0.01748391584072335
IRL,1948,0.017983828899321857
IRL,1949,0.02123109024517475
IRL,1950,0.02123109024517475
IRL,1951,0.0212093548948009
IRL,1952,0.021144148843679357
IRL,1953,0.018640236480612065
IRL,1954,0.018883672404799164
IRL,1955,0.019066249347939487
IRL,1956,0.019379238393322902
IRL,1957,0.019674839158407235
IRL,1958,0.02009215788558511
IRL,1959,0.020105199095809424
IRL,1960,0.019574856546687534
IRL,1961,0.019061902277864723
IRL,1962,0.019061902277864723
IRL,1963,0.01847504781777082
IRL,1964,0.018905407755173017
IRL,1965,0.01905320813771518
IRL,1966,0.01945748565466875
IRL,1967,0.019405320813771516
IRL,1968,0.019205355590332117
IRL,1969,0.018670665971135453
IRL,1970,0.018553295079116672
IRL,1971,0.018857589984350547
IRL,1972,0.020670318205529472
IRL,1973,0.02186141540601634
IRL,1974,0.02186141540601634
IRL,1975,0.021522343940184315
IRL,1976,0.02058337680403408
IRL,1977,0.02014866979655712
IRL,1978,0.020552947313510695
IRL,1979,0.019679186228482002
IRL,1980,0.01874021909233177
IRL,1981,0.017853416797078768
IRL,1982,0.01713615023474178
IRL,1983,0.01670579029733959
IRL,1984,0.020305164319248826
IRL,1985,0.021796209354894798
IRL,1986,0.021796209354894798
IRL,1987,0.022291775343418533
IRL,1988,0.019031472787341328
IRL,1989,0.019392279603547207
IRL,1990,0.019992175273865414
IRL,1991,0.020226917057902975
IRL,1992,0.01955312119631368
IRL,1993,0.01959224482698661
IRL,1994,0.020635541644931317
IRL,1995,0.02154407929055816
IRL,1996,0.021700573813249868
IRL,1997,0.020670318205529472
IRL,1998,0.020670318205529472
IRL,1999,0.02003129890453834
IRL,2000,0.019900886802295254
IRL,2001,0.02064423578508086
IRL,2002,0.020839853938445486
IRL,2003,0.02117023126412798
IRL,2004,0.021822291775343415
IRL,2005,0.023726308468092504
IRL,2006,0.026069379238393316
IRL,2007,0.02763432446531038
IRL,2008,0.030229525299947834
IRL,2009,0.0323943661971831
IRL,2010,0.0323943661971831
IRL,2011,0.031833594157537816
IRL,2012,0.029316640584246215
IRL,2013,0.026591027647365678
IRL,2014,0.026356285863328114
IRL,2015,0.026047643888019473
IRL,2016,0.025669448791514518
IRL,2017,0.025330377325682486
IRL,2018,0.025247782994261864
IRL,2019,0.025769431403234216
IRL,2020,0.026656233698487214
IRL,2021,0.027249608763693266
ITA,1870,0.021544079290558158
ITA,1871,0.02113110763345505
ITA,1872,0.020096504955659882
ITA,1873,0.019014084507042256
ITA,1874,0.017749087115284296
ITA,1875,0.017097026604068855
ITA,1876,0.016444966092853414
ITA,1877,0.017005738132498695
ITA,1878,0.017005738132498695
ITA,1879,0.016914449660928536
ITA,1880,0.01662754303599374
ITA,1881,0.01590158233350722
ITA,1882,0.01630585985046079
ITA,1883,0.017270909407059644
ITA,1884,0.017788210745957225
ITA,1885,0.017436098069900888
ITA,1886,0.016684054946965746
ITA,1887,0.016292818640236482
ITA,1888,0.016162406537993394
ITA,1889,0.016184141888367243
ITA,1890,0.016184141888367243
ITA,1891,0.016366718831507567
ITA,1892,0.01707529125369501
ITA,1893,0.01744044513997566
ITA,1894,0.017609980872891673
ITA,1895,0.01750130412102243
ITA,1896,0.018022952529994783
ITA,1897,0.018140323422013563
ITA,1898,0.01835332985567727
ITA,1899,0.018705442531733608
ITA,1900,0.018888019474873927
ITA,1901,0.018388106416275425
ITA,1902,0.018388106416275425
ITA,1903,0.017540427751695356
ITA,1904,0.016901408450704227
ITA,1905,0.01707094418362024
ITA,1906,0.01811424100156495
ITA,1907,0.01927490871152843
ITA,1908,0.01859676577986437
ITA,1909,0.017214397496087636
ITA,1910,0.015914623543731524
ITA,1911,0.0161754477482177
ITA,1912,0.019435750304294903
ITA,1913,0.02003129890453834
ITA,1914,0.02003129890453834
ITA,1915,0.02093114241001565
ITA,1916,0.019127108328986262
ITA,1917,0.020105199095809424
ITA,1918,0.019987828203790643
ITA,1919,0.018909754825247777
ITA,1920,0.017892540427751687
ITA,1921,0.017423056859676576
ITA,1922,0.016992696922274383
ITA,1923,0.016340636411058946
ITA,1924,0.015688575899843505
ITA,1925,0.016236306729264478
ITA,1926,0.016236306729264478
ITA,1927,0.01627977743001217
ITA,1928,0.017336115458181183
ITA,1929,0.018614154060163448
ITA,1930,0.020722483046426706
ITA,1931,0.021048513302034427
ITA,1932,0.020983307250912884
ITA,1933,0.02096157190053904
ITA,1934,0.02205703355938098
ITA,1935,0.02203095113893236
ITA,1936,0.024426186750130415
ITA,1937,0.02222222222222222
ITA,1938,0.02222222222222222
ITA,1939,0.021057207442183968
ITA,1940,0.017966440619022778
ITA,1941,0.018527212658668055
ITA,1942,0.01859676577986437
ITA,1943,0.018322900365153886
ITA,1944,0.018688054251434532
ITA,1945,0.018566336289340984
ITA,1946,0.017783863675882455
ITA,1947,0.01748391584072335
ITA,1948,0.017983828899321857
ITA,1949,0.02123109024517475
ITA,1950,0.02123109024517475
ITA,1951,0.0212093548948009
ITA,1952,0.021144148843679357
ITA,1953,0.018640236480612065
ITA,1954,0.018883672404799164
ITA,1955,0.019066249347939487
ITA,1956,0.019379238393322902
ITA,1957,0.019674839158407235
ITA,1958,0.02009215788558511
ITA,1959,0.020105199095809424
ITA,1960,0.019574856546687534
ITA,1961,0.019061902277864723
ITA,1962,0.019061902277864723
ITA,1963,0.01847504781777082
ITA,1964,0.018905407755173017
ITA,1965,0.01905320813771518
ITA,1966,0.01945748565466875
ITA,1967,0.019405320813771516
ITA,1968,0.019205355590332117
ITA,1969,0.018670665971135453
ITA,1970,0.018553295079116672
ITA,1971,0.018857589984350547
ITA,1972,0.020670318205529472
ITA,1973,0.02186141540601634
ITA,1974,0.02186141540601634
ITA,1975,0.021522343940184315
ITA,1976,0.02058337680403408
ITA,1977,0.02014866979655712
ITA,1978,0.020552947313510695
ITA,1979,0.019679186228482002
ITA,1980,0.01874021909233177
ITA,1981,0.017853416797078768
ITA,1982,0.01713615023474178
ITA,1983,0.01670579029733959
ITA,1984,0.020305164319248826
ITA,1985,0.021796209354894798
ITA,1986,0.021796209354894798
ITA,1987,0.022291775343418533
ITA,1988,0.019031472787341328
ITA,1989,0.019392279603547207
ITA,1990,0.019992175273865414
ITA,1991,0.020226917057902975
ITA,1992,0.01955312119631368
ITA,1993,0.01959224482698661
ITA,1994,0.020635541644931317
ITA,1995,0.02154407929055816
ITA,1996,0.021700573813249868
ITA,1997,0.020670318205529472
ITA,1998,0.020670318205529472
ITA,1999,0.02003129890453834
ITA,2000,0.019900886802295254
ITA,2001,0.02064423578508086
ITA,2002,0.020839853938445486
ITA,2003,0.02117023126412798
ITA,2004,0.021822291775343415
ITA,2005,0.023726308468092504
ITA,2006,0.026069379238393316
ITA,2007,0.02763432446531038
ITA,2008,0.030229525299947834
ITA,2009,0.0323943661971831
ITA,2010,0.0323943661971831
ITA,2011,0.031833594157537816
ITA,2012,0.029316640584246215
ITA,2013,0.026591027647365678
ITA,2014,0.026356285863328114
ITA,2015,0.026047643888019473
ITA,2016,0.025669448791514518
ITA,2017,0.025330377325682486
ITA,2018,0.025247782994261864
ITA,2019,0.025769431403234216
ITA,2020,0.026656233698487214
ITA,2021,0.027249608763693266
JPN,1870,0.021544079290558158
JPN,1871,0.02113110763345505
JPN,1872,0.020096504955659882
JPN,1873,0.019014084507042256
JPN,1874,0.017749087115284296
JPN,1875,0.017097026604068855
JPN,1876,0.016444966092853414
JPN,1877,0.017005738132498695
JPN,1878,0.017005738132498695
JPN,1879,0.016914449660928536
JPN,1880,0.01662754303599374
JPN,1881,0.01590158233350722
JPN,1882,0.01630585985046079
JPN,1883,0.017270909407059644
JPN,1884,0.017788210745957225
JPN,1885,0.017436098069900888
JPN,1886,0.016684054946965746
JPN,1887,0.016292818640236482
JPN,1888,0.016162406537993394
JPN,1889,0.016184141888367243
JPN,1890,0.016184141888367243
JPN,1891,0.016366718831507567
JPN,1892,0.01707529125369501
JPN,1893,0.01744044513997566
JPN,1894,0.017609980872891673
JPN,1895,0.01750130412102243
JPN,1896,0.018022952529994783
JPN,1897,0.018140323422013563
JPN,1898,0.01835332985567727
JPN,1899,0.018705442531733608
JPN,1900,0.018888019474873927
JPN,1901,0.018388106416275425
JPN,1902,0.018388106416275425
JPN,1903,0.017540427751695356
JPN,1904,0.016901408450704227
JPN,1905,0.01707094418362024
JPN,1906,0.01811424100156495
JPN,1907,0.01927490871152843
JPN,1908,0.01859676577986437
JPN,1909,0.017214397496087636
JPN,1910,0.015914623543731524
JPN,1911,0.0161754477482177
JPN,1912,0.019435750304294903
JPN,1913,0.02003129890453834
JPN,1914,0.02003129890453834
JPN,1915,0.02093114241001565
JPN,1916,0.019127108328986262
JPN,1917,0.020105199095809424
JPN,1918,0.019987828203790643
JPN,1919,0.02031820552947313
JPN,1920,0.019770474700052155
JPN,1921,0.019300991131977044
JPN,1922,0.0174621804903495
JPN,1923,0.016340636411058946
JPN,1924,0.015688575899843505
JPN,1925,0.016236306729264478
JPN,1926,0.016236306729264478
JPN,1927,0.01627977743001217
JPN,1928,0.017336115458181183
JPN,1929,0.018614154060163448
JPN,1930,0.020722483046426706
JPN,1931,0.0217527386541471
JPN,1932,0.02168753260302556
JPN,1933,0.021978786298035128
JPN,1934,0.02237002260476439
JPN,1935,0.02234394018431577
JPN,1936,0.024426186750130415
JPN,1937,0.02527386541471048
JPN,1938,0.02527386541471048
JPN,1939,0.02817770822465658
JPN,1940,0.02743435924187098
JPN,1941,0.029638323769779165
JPN,1942,0.02939488784559207
JPN,1943,0.030998956703182055
JPN,1944,0.02995565988523735
JPN,1945,0.026078073378542864
JPN,1946,0.021070248652408276
JPN,1947,0.01748391584072335
JPN,1948,0.017983828899321857
JPN,1949,0.02123109024517475
JPN,1950,0.02123109024517475
JPN,1951,0.0212093548948009
JPN,1952,0.021144148843679357
JPN,1953,0.018640236480612065
JPN,1954,0.018883672404799164
JPN,1955,0.019066249347939487
JPN,1956,0.019379238393322902
JPN,1957,0.019674839158407235
JPN,1958,0.02032689966962267
JPN,1959,0.022922100504260128
JPN,1960,0.02520865936358894
JPN,1961,0.02759085376456269
JPN,1962,0.02759085376456269
JPN,1963,0.027003999304468788
JPN,1964,0.02602590853764563
JPN,1965,0.025860719874804382
JPN,1966,0.02626499739175795
JPN,1967,0.029029733959311424
JPN,1968,0.03164667014432273
JPN,1969,0.03627629977395236
JPN,1970,0.03991479742653451
JPN,1971,0.04679186228482003
JPN,1972,0.0551773604590506
JPN,1973,0.07029647017909929
JPN,1974,0.07029647017909929
JPN,1975,0.08615458181185881
JPN,1976,0.10422969918275081
JPN,1977,0.12014866979655711
JPN,1978,0.13064684402712573
JPN,1979,0.13493740219092332
JPN,1980,0.13517214397496086
JPN,1981,0.13851069379238393
JPN,1982,0.14389671361502343
JPN,1983,0.15590766823161187
JPN,1984,0.16044600938967135
JPN,1985,0.2134237523908885
JPN,1986,0.2134237523908885
JPN,1987,0.27237002260476434
JPN,1988,0.3369500956355417
JPN,1989,0.32995565988523734
JPN,1990,0.2944053208137715
JPN,1991,0.2502738654147105
JPN,1992,0.22659537471744046
JPN,1993,0.21982698661102415
JPN,1994,0.21124587028342898
JPN,1995,0.18586332811684925
JPN,1996,0.14400104329681793
JPN,1997,0.11268909754825247
JPN,1998,0.11268909754825247
JPN,1999,0.09585289514866978
JPN,2000,0.08891497130933751
JPN,2001,0.0823813249869588
JPN,2002,0.08633281168492438
JPN,2003,0.09597461311076334
JPN,2004,0.10413841071118066
JPN,2005,0.10275604242740394
JPN,2006,0.09696139801773604
JPN,2007,0.09148408972352634
JPN,2008,0.08656755346896192
JPN,2009,0.08427230046948356
JPN,2010,0.08427230046948356
JPN,2011,0.08441575378195096
JPN,2012,0.08495044340114763
JPN,2013,0.08645018257694315
JPN,2014,0.08598069900886801
JPN,2015,0.08801947487393497
JPN,2016,0.08928447226569293
JPN,2017,0.08847591723178576
JPN,2018,0.0853416797078769
JPN,2019,0.0804642670839854
JPN,2020,0.07290036515388629
JPN,2021,0.06879890453834116
NLD,1870,0.021544079290558158
NLD,1871,0.02113110763345505
NLD,1872,0.020096504955659882
NLD,1873,0.019014084507042256
NLD,1874,0.017749087115284296
NLD,1875,0.017097026604068855
NLD,1876,0.016444966092853414
NLD,1877,0.017005738132498695
NLD,1878,0.017005738132498695
NLD,1879,0.016914449660928536
NLD,1880,0.01662754303599374
NLD,1881,0.01590158233350722
NLD,1882,0.01630585985046079
NLD,1883,0.017270909407059644
NLD,1884,0.017788210745957225
NLD,1885,0.017436098069900888
NLD,1886,0.016684054946965746
NLD,1887,0.016292818640236482
NLD,1888,0.016162406537993394
NLD,1889,0.016184141888367243
NLD,1890,0.016184141888367243
NLD,1891,0.016366718831507567
NLD,1892,0.01707529125369501
NLD,1893,0.01744044513997566
NLD,1894,0.017609980872891673
NLD,1895,0.01750130412102243
NLD,1896,0.018022952529994783
NLD,1897,0.018140323422013563
NLD,1898,0.01835332985567727
NLD,1899,0.018705442531733608
NLD,1900,0.018888019474873927
NLD,1901,0.018388106416275425
NLD,1902,0.018388106416275425
NLD,1903,0.017540427751695356
NLD,1904,0.016901408450704227
NLD,1905,0.01707094418362024
NLD,1906,0.01811424100156495
NLD,1907,0.01927490871152843
NLD,1908,0.01859676577986437
NLD,1909,0.017214397496087636
NLD,1910,0.015914623543731524
NLD,1911,0.0161754477482177
NLD,1912,0.019435750304294903
NLD,1913,0.02003129890453834
NLD,1914,0.02003129890453834
NLD,1915,0.02093114241001565
NLD,1916,0.019127108328986262
NLD,1917,0.020105199095809424
NLD,1918,0.019987828203790643
NLD,1919,0.018909754825247777
NLD,1920,0.017892540427751687
NLD,1921,0.017423056859676576
NLD,1922,0.016992696922274383
NLD,1923,0.016340636411058946
NLD,1924,0.015688575899843505
NLD,1925,0.016236306729264478
NLD,1926,0.016236306729264478
NLD,1927,0.01627977743001217
NLD,1928,0.017336115458181183
NLD,1929,0.018614154060163448
NLD,1930,0.020722483046426706
NLD,1931,0.021048513302034427
NLD,1932,0.020983307250912884
NLD,1933,0.02096157190053904
NLD,1934,0.02205703355938098
NLD,1935,0.02203095113893236
NLD,1936,0.024426186750130415
NLD,1937,0.02222222222222222
NLD,1938,0.02222222222222222
NLD,1939,0.021057207442183968
NLD,1940,0.017966440619022778
NLD,1941,0.018527212658668055
NLD,1942,0.01859676577986437
NLD,1943,0.018322900365153886
NLD,1944,0.018688054251434532
NLD,1945,0.018566336289340984
NLD,1946,0.017783863675882455
NLD,1947,0.01748391584072335
NLD,1948,0.017983828899321857
NLD,1949,0.02123109024517475
NLD,1950,0.02123109024517475
NLD,1951,0.0212093548948009
NLD,1952,0.021144148843679357
NLD,1953,0.018640236480612065
NLD,1954,0.018883672404799164
NLD,1955,0.019066249347939487
NLD,1956,0.019379238393322902
NLD,1957,0.019674839158407235
NLD,1958,0.02009215788558511
NLD,1959,0.020105199095809424
NLD,1960,0.019574856546687534
NLD,1961,0.019061902277864723
NLD,1962,0.019061902277864723
NLD,1963,0.01847504781777082
NLD,1964,0.018905407755173017
NLD,1965,0.01905320813771518
NLD,1966,0.01945748565466875
NLD,1967,0.019405320813771516
NLD,1968,0.019205355590332117
NLD,1969,0.018670665971135453
NLD,1970,0.018553295079116672
NLD,1971,0.018857589984350547
NLD,1972,0.020670318205529472
NLD,1973,0.02186141540601634
NLD,1974,0.02186141540601634
NLD,1975,0.021522343940184315
NLD,1976,0.02058337680403408
NLD,1977,0.02014866979655712
NLD,1978,0.020552947313510695
NLD,1979,0.019679186228482002
NLD,1980,0.01874021909233177
NLD,1981,0.017853416797078768
NLD,1982,0.01713615023474178
NLD,1983,0.01670579029733959
NLD,1984,0.020305164319248826
NLD,1985,0.021796209354894798
NLD,1986,0.021796209354894798
NLD,1987,0.022291775343418533
NLD,1988,0.019031472787341328
NLD,1989,0.019392279603547207
NLD,1990,0.019992175273865414
NLD,1991,0.020226917057902975
NLD,1992,0.01955312119631368
NLD,1993,0.01959224482698661
NLD,1994,0.020635541644931317
NLD,1995,0.02154407929055816
NLD,1996,0.021700573813249868
NLD,1997,0.020670318205529472
NLD,1998,0.020670318205529472
NLD,1999,0.02003129890453834
NLD,2000,0.019900886802295254
NLD,2001,0.02064423578508086
NLD,2002,0.020839853938445486
NLD,2003,0.02117023126412798
NLD,2004,0.021822291775343415
NLD,2005,0.023726308468092504
NLD,2006,0.026069379238393316
NLD,2007,0.02763432446531038
NLD,2008,0.030229525299947834
NLD,2009,0.0323943661971831
NLD,2010,0.0323943661971831
NLD,2011,0.031833594157537816
NLD,2012,0.029316640584246215
NLD,2013,0.026591027647365678
NLD,2014,0.026356285863328114
NLD,2015,0.026047643888019473
NLD,2016,0.025669448791514518
NLD,2017,0.025330377325682486
NLD,2018,0.025247782994261864
NLD,2019,0.025769431403234216
NLD,2020,0.026656233698487214
NLD,2021,0.027249608763693266
NOR,1870,0.021544079290558158
NOR,1871,0.02113110763345505
NOR,1872,0.020096504955659882
NOR,1873,0.019014084507042256
NOR,1874,0.017749087115284296
NOR,1875,0.017097026604068855
NOR,1876,0.016444966092853414
NOR,1877,0.017005738132498695
NOR,1878,0.017005738132498695
NOR,1879,0.016914449660928536
NOR,1880,0.01662754303599374
NOR,1881,0.01590158233350722
NOR,1882,0.01630585985046079
NOR,1883,0.017270909407059644
NOR,1884,0.017788210745957225
NOR,1885,0.017436098069900888
NOR,1886,0.016684054946965746
NOR,1887,0.016292818640236482
NOR,1888,0.016162406537993394
NOR,1889,0.016184141888367243
NOR,1890,0.016184141888367243
NOR,1891,0.016366718831507567
NOR,1892,0.01707529125369501
NOR,1893,0.01744044513997566
NOR,1894,0.017609980872891673
NOR,1895,0.01750130412102243
NOR,1896,0.018022952529994783
NOR,1897,0.018140323422013563
NOR,1898,0.01835332985567727
NOR,1899,0.018705442531733608
NOR,1900,0.018888019474873927
NOR,1901,0.018388106416275425
NOR,1902,0.018388106416275425
NOR,1903,0.017540427751695356
NOR,1904,0.016901408450704227
NOR,1905,0.01707094418362024
NOR,1906,0.01811424100156495
NOR,1907,0.01927490871152843
NOR,1908,0.01859676577986437
NOR,1909,0.017214397496087636
NOR,1910,0.015914623543731524
NOR,1911,0.0161754477482177
NOR,1912,0.019435750304294903
NOR,1913,0.02003129890453834
NOR,1914,0.02003129890453834
NOR,1915,0.02093114241001565
NOR,1916,0.019127108328986262
NOR,1917,0.020105199095809424
NOR,1918,0.019987828203790643
NOR,1919,0.018909754825247777
NOR,1920,0.017892540427751687
NOR,1921,0.017423056859676576
NOR,1922,0.016992696922274383
NOR,1923,0.016340636411058946
NOR,1924,0.015688575899843505
NOR,1925,0.016236306729264478
NOR,1926,0.016236306729264478
NOR,1927,0.01627977743001217
NOR,1928,0.017336115458181183
NOR,1929,0.018614154060163448
NOR,1930,0.020722483046426706
NOR,1931,0.021048513302034427
NOR,1932,0.020983307250912884
NOR,1933,0.02096157190053904
NOR,1934,0.02205703355938098
NOR,1935,0.02203095113893236
NOR,1936,0.024426186750130415
NOR,1937,0.02222222222222222
NOR,1938,0.02222222222222222
NOR,1939,0.021057207442183968
NOR,1940,0.017966440619022778
NOR,1941,0.018527212658668055
NOR,1942,0.01859676577986437
NOR,1943,0.018322900365153886
NOR,1944,0.018688054251434532
NOR,1945,0.018566336289340984
NOR,1946,0.017783863675882455
NOR,1947,0.01748391584072335
NOR,1948,0.017983828899321857
NOR,1949,0.02123109024517475
NOR,1950,0.02123109024517475
NOR,1951,0.0212093548948009
NOR,1952,0.021144148843679357
NOR,1953,0.018640236480612065
NOR,1954,0.018883672404799164
NOR,1955,0.019066249347939487
NOR,1956,0.019379238393322902
NOR,1957,0.019674839158407235
NOR,1958,0.02009215788558511
NOR,1959,0.020105199095809424
NOR,1960,0.019574856546687534
NOR,1961,0.019061902277864723
NOR,1962,0.019061902277864723
NOR,1963,0.01847504781777082
NOR,1964,0.018905407755173017
NOR,1965,0.01905320813771518
NOR,1966,0.01945748565466875
NOR,1967,0.019405320813771516
NOR,1968,0.019205355590332117
NOR,1969,0.018670665971135453
NOR,1970,0.018553295079116672
NOR,1971,0.018857589984350547
NOR,1972,0.020670318205529472
NOR,1973,0.02186141540601634
NOR,1974,0.02186141540601634
NOR,1975,0.021522343940184315
NOR,1976,0.02058337680403408
NOR,1977,0.02014866979655712
NOR,1978,0.020552947313510695
NOR,1979,0.019679186228482002
NOR,1980,0.01874021909233177
NOR,1981,0.017853416797078768
NOR,1982,0.01713615023474178
NOR,1983,0.01670579029733959
NOR,1984,0.020305164319248826
NOR,1985,0.021796209354894798
NOR,1986,0.021796209354894798
NOR,1987,0.022291775343418533
NOR,1988,0.019031472787341328
NOR,1989,0.019392279603547207
NOR,1990,0.019992175273865414
NOR,1991,0.020226917057902975
NOR,1992,0.01955312119631368
NOR,1993,0.01959224482698661
NOR,1994,0.020635541644931317
NOR,1995,0.02154407929055816
NOR,1996,0.021700573813249868
NOR,1997,0.020670318205529472
NOR,1998,0.020670318205529472
NOR,1999,0.02003129890453834
NOR,2000,0.019900886802295254
NOR,2001,0.02064423578508086
NOR,2002,0.020839853938445486
NOR,2003,0.02117023126412798
NOR,2004,0.021822291775343415
NOR,2005,0.023726308468092504
NOR,2006,0.026069379238393316
NOR,2007,0.02763432446531038
NOR,2008,0.030229525299947834
NOR,2009,0.0323943661971831
NOR,2010,0.0323943661971831
NOR,2011,0.031833594157537816
NOR,2012,0.029316640584246215
NOR,2013,0.026591027647365678
NOR,2014,0.026356285863328114
NOR,2015,0.026047643888019473
NOR,2016,0.025669448791514518
NOR,2017,0.025330377325682486
NOR,2018,0.025247782994261864
NOR,2019,0.025769431403234216
NOR,2020,0.026656233698487214
NOR,2021,0.027249608763693266
PRT,1870,0.021544079290558158
PRT,1871,0.02113110763345505
PRT,1872,0.020096504955659882
PRT,1873,0.019014084507042256
PRT,1874,0.017749087115284296
PRT,1875,0.017097026604068855
PRT,1876,0.016444966092853414
PRT,1877,0.017005738132498695
PRT,1878,0.017005738132498695
PRT,1879,0.016914449660928536
PRT,1880,0.01662754303599374
PRT,1881,0.01590158233350722
PRT,1882,0.01630585985046079
PRT,1883,0.017270909407059644
PRT,1884,0.017788210745957225
PRT,1885,0.017436098069900888
PRT,1886,0.016684054946965746
PRT,1887,0.016292818640236482
PRT,1888,0.016162406537993394
PRT,1889,0.016184141888367243
PRT,1890,0.016184141888367243
PRT,1891,0.016366718831507567
PRT,1892,0.01707529125369501
PRT,1893,0.01744044513997566
PRT,1894,0.017609980872891673
PRT,1895,0.01750130412102243
PRT,1896,0.018022952529994783
PRT,1897,0.018140323422013563
PRT,1898,0.01835332985567727
PRT,1899,0.018705442531733608
PRT,1900,0.018888019474873927
PRT,1901,0.018388106416275425
PRT,1902,0.018388106416275425
PRT,1903,0.017540427751695356
PRT,1904,0.016901408450704227
PRT,1905,0.01707094418362024
PRT,1906,0.01811424100156495
PRT,1907,0.01927490871152843
PRT,1908,0.01859676577986437
PRT,1909,0.017214397496087636
PRT,1910,0.015914623543731524
PRT,1911,0.0161754477482177
PRT,1912,0.019435750304294903
PRT,1913,0.02003129890453834
PRT,1914,0.02003129890453834
PRT,1915,0.02093114241001565
PRT,1916,0.019127108328986262
PRT,1917,0.020105199095809424
PRT,1918,0.019987828203790643
PRT,1919,0.018909754825247777
PRT,1920,0.017892540427751687
PRT,1921,0.017423056859676576
PRT,1922,0.016992696922274383
PRT,1923,0.016340636411058946
PRT,1924,0.015688575899843505
PRT,1925,0.016236306729264478
PRT,1926,0.016236306729264478
PRT,1927,0.01627977743001217
PRT,1928,0.017336115458181183
PRT,1929,0.018614154060163448
PRT,1930,0.020722483046426706
PRT,1931,0.021048513302034427
PRT,1932,0.020983307250912884
PRT,1933,0.02096157190053904
PRT,1934,0.02205703355938098
PRT,1935,0.02203095113893236
PRT,1936,0.024426186750130415
PRT,1937,0.02222222222222222
PRT,1938,0.02222222222222222
PRT,1939,0.021057207442183968
PRT,1940,0.017966440619022778
PRT,1941,0.018527212658668055
PRT,1942,0.01859676577986437
PRT,1943,0.018322900365153886
PRT,1944,0.018688054251434532
PRT,1945,0.018566336289340984
PRT,1946,0.017783863675882455
PRT,1947,0.01748391584072335
PRT,1948,0.017983828899321857
PRT,1949,0.02123109024517475
PRT,1950,0.02123109024517475
PRT,1951,0.0212093548948009
PRT,1952,0.021144148843679357
PRT,1953,0.018640236480612065
PRT,1954,0.018883672404799164
PRT,1955,0.019066249347939487
PRT,1956,0.019379238393322902
PRT,1957,0.019674839158407235
PRT,1958,0.02009215788558511
PRT,1959,0.020105199095809424
PRT,1960,0.019574856546687534
PRT,1961,0.019061902277864723
PRT,1962,0.019061902277864723
PRT,1963,0.01847504781777082
PRT,1964,0.018905407755173017
PRT,1965,0.01905320813771518
PRT,1966,0.01945748565466875
PRT,1967,0.019405320813771516
PRT,1968,0.019205355590332117
PRT,1969,0.018670665971135453
PRT,1970,0.018553295079116672
PRT,1971,0.018857589984350547
PRT,1972,0.020670318205529472
PRT,1973,0.02186141540601634
PRT,1974,0.02186141540601634
PRT,1975,0.021522343940184315
PRT,1976,0.02058337680403408
PRT,1977,0.02014866979655712
PRT,1978,0.020552947313510695
PRT,1979,0.019679186228482002
PRT,1980,0.01874021909233177
PRT,1981,0.017853416797078768
PRT,1982,0.01713615023474178
PRT,1983,0.01670579029733959
PRT,1984,0.020305164319248826
PRT,1985,0.021796209354894798
PRT,1986,0.021796209354894798
PRT,1987,0.022291775343418533
PRT,1988,0.019031472787341328
PRT,1989,0.019392279603547207
PRT,1990,0.019992175273865414
PRT,1991,0.020226917057902975
PRT,1992,0.01955312119631368
PRT,1993,0.01959224482698661
PRT,1994,0.020635541644931317
PRT,1995,0.02154407929055816
PRT,1996,0.021700573813249868
PRT,1997,0.020670318205529472
PRT,1998,0.020670318205529472
PRT,1999,0.02003129890453834
PRT,2000,0.019900886802295254
PRT,2001,0.02064423578508086
PRT,2002,0.020839853938445486
PRT,2003,0.02117023126412798
PRT,2004,0.021822291775343415
PRT,2005,0.023726308468092504
PRT,2006,0.026069379238393316
PRT,2007,0.02763432446531038
PRT,2008,0.030229525299947834
PRT,2009,0.0323943661971831
PRT,2010,0.0323943661971831
PRT,2011,0.031833594157537816
PRT,2012,0.029316640584246215
PRT,2013,0.026591027647365678
PRT,2014,0.026356285863328114
PRT,2015,0.026047643888019473
PRT,2016,0.025669448791514518
PRT,2017,0.025330377325682486
PRT,2018,0.025247782994261864
PRT,2019,0.025769431403234216
PRT,2020,0.026656233698487214
PRT,2021,0.027249608763693266
SWE,1870,0.021544079290558158
SWE,1871,0.02113110763345505
SWE,1872,0.020096504955659882
SWE,1873,0.019014084507042256
SWE,1874,0.017749087115284296
SWE,1875,0.017097026604068855
SWE,1876,0.016444966092853414
SWE,1877,0.017005738132498695
SWE,1878,0.017005738132498695
SWE,1879,0.016914449660928536
SWE,1880,0.01662754303599374
SWE,1881,0.01590158233350722
SWE,1882,0.01630585985046079
SWE,1883,0.017270909407059644
SWE,1884,0.017788210745957225
SWE,1885,0.017436098069900888
SWE,1886,0.016684054946965746
SWE,1887,0.016292818640236482
SWE,1888,0.016162406537993394
SWE,1889,0.016184141888367243
SWE,1890,0.016184141888367243
SWE,1891,0.016366718831507567
SWE,1892,0.01707529125369501
SWE,1893,0.01744044513997566
SWE,1894,0.017609980872891673
SWE,1895,0.01750130412102243
SWE,1896,0.018022952529994783
SWE,1897,0.018140323422013563
SWE,1898,0.01835332985567727
SWE,1899,0.018705442531733608
SWE,1900,0.018888019474873927
SWE,1901,0.018388106416275425
SWE,1902,0.018388106416275425
SWE,1903,0.017540427751695356
SWE,1904,0.016901408450704227
SWE,1905,0.01707094418362024
SWE,1906,0.01811424100156495
SWE,1907,0.01927490871152843
SWE,1908,0.01859676577986437
SWE,1909,0.017214397496087636
SWE,1910,0.015914623543731524
SWE,1911,0.0161754477482177
SWE,1912,0.019435750304294903
SWE,1913,0.02003129890453834
SWE,1914,0.02003129890453834
SWE,1915,0.02093114241001565
SWE,1916,0.019127108328986262
SWE,1917,0.020105199095809424
SWE,1918,0.019987828203790643
SWE,1919,0.018909754825247777
SWE,1920,0.017892540427751687
SWE,1921,0.017423056859676576
SWE,1922,0.016992696922274383
SWE,1923,0.016340636411058946
SWE,1924,0.015688575899843505
SWE,1925,0.016236306729264478
SWE,1926,0.016236306729264478
SWE,1927,0.01627977743001217
SWE,1928,0.017336115458181183
SWE,1929,0.018614154060163448
SWE,1930,0.020722483046426706
SWE,1931,0.021048513302034427
SWE,1932,0.020983307250912884
SWE,1933,0.02096157190053904
SWE,1934,0.02205703355938098
SWE,1935,0.02203095113893236
SWE,1936,0.024426186750130415
SWE,1937,0.02222222222222222
SWE,1938,0.02222222222222222
SWE,1939,0.021057207442183968
SWE,1940,0.017966440619022778
SWE,1941,0.018527212658668055
SWE,1942,0.01859676577986437
SWE,1943,0.018322900365153886
SWE,1944,0.018688054251434532
SWE,1945,0.018566336289340984
SWE,1946,0.017783863675882455
SWE,1947,0.01748391584072335
SWE,1948,0.017983828899321857
SWE,1949,0.02123109024517475
SWE,1950,0.02123109024517475
SWE,1951,0.0212093548948009
SWE,1952,0.021144148843679357
SWE,1953,0.018640236480612065
SWE,1954,0.018883672404799164
SWE,1955,0.019066249347939487
SWE,1956,0.019379238393322902
SWE,1957,0.019674839158407235
SWE,1958,0.02009215788558511
SWE,1959,0.020105199095809424
SWE,1960,0.019574856546687534
SWE,1961,0.019061902277864723
SWE,1962,0.019061902277864723
SWE,1963,0.01847504781777082
SWE,1964,0.018905407755173017
SWE,1965,0.01905320813771518
SWE,1966,0.01945748565466875
SWE,1967,0.019405320813771516
SWE,1968,0.019205355590332117
SWE,1969,0.018670665971135453
SWE,1970,0.018553295079116672
SWE,1971,0.018857589984350547
SWE,1972,0.020670318205529472
SWE,1973,0.02186141540601634
SWE,1974,0.02186141540601634
SWE,1975,0.021522343940184315
SWE,1976,0.02058337680403408
SWE,1977,0.02014866979655712
SWE,1978,0.020552947313510695
SWE,1979,0.019679186228482002
SWE,1980,0.01874021909233177
SWE,1981,0.017853416797078768
SWE,1982,0.01713615023474178
SWE,1983,0.01670579029733959
SWE,1984,0.020305164319248826
SWE,1985,0.021796209354894798
SWE,1986,0.021796209354894798
SWE,1987,0.022291775343418533
SWE,1988,0.019031472787341328
SWE,1989,0.019392279603547207
SWE,1990,0.019992175273865414
SWE,1991,0.020226917057902975
SWE,1992,0.01955312119631368
SWE,1993,0.01959224482698661
SWE,1994,0.020635541644931317
SWE,1995,0.02154407929055816
SWE,1996,0.021700573813249868
SWE,1997,0.020670318205529472
SWE,1998,0.020670318205529472
SWE,1999,0.02003129890453834
SWE,2000,0.019900886802295254
SWE,2001,0.02064423578508086
SWE,2002,0.020839853938445486
SWE,2003,0.02117023126412798
SWE,2004,0.021822291775343415
SWE,2005,0.023726308468092504
SWE,2006,0.026069379238393316
SWE,2007,0.02763432446531038
SWE,2008,0.030229525299947834
SWE,2009,0.0323943661971831
SWE,2010,0.0323943661971831
SWE,2011,0.031833594157537816
SWE,2012,0.029316640584246215
SWE,2013,0.026591027647365678
SWE,2014,0.026356285863328114
SWE,2015,0.026047643888019473
SWE,2016,0.025669448791514518
SWE,2017,0.025330377325682486
SWE,2018,0.025247782994261864
SWE,2019,0.025769431403234216
SWE,2020,0.026656233698487214
SWE,2021,0.027249608763693266
USA,1870,0.09337506520605111
USA,1871,0.09836115458181185
USA,1872,0.10788993218570683
USA,1873,0.115962441314554
USA,1874,0.12596504955659885
USA,1875,0.13227699530516432
USA,1876,0.13397235263432447
USA,1877,0.13359415753781947
USA,1878,0.13359415753781947
USA,1879,0.1392149191444966
USA,1880,0.14949139280125193
USA,1881,0.15572943835854633
USA,1882,0.154490523387237
USA,1883,0.1495870283428969
USA,1884,0.14947835159102768
USA,1885,0.15382107459572247
USA,1886,0.15972004868718487
USA,1887,0.16167623022083116
USA,1888,0.16318901060685098
USA,1889,0.1675925925925926
USA,1890,0.1675925925925926
USA,1891,0.17176577986437142
USA,1892,0.17145713788906278
USA,1893,0.1737002260476439
USA,1894,0.1766866631890106
USA,1895,0.18229003651538864
USA,1896,0.18234220135628587
USA,1897,0.18691966614501826
USA,1898,0.1948791514519214
USA,1899,0.20555990262563034
USA,1900,0.21935750304294907
USA,1901,0.2395148669796557
USA,1902,0.2395148669796557
USA,1903,0.25744653103808035
USA,1904,0.26932707355242563
USA,1905,0.26433229003651537
USA,1906,0.2494131455399061
USA,1907,0.23711528429838288
USA,1908,0.24394887845592073
USA,1909,0.2568857589984351
USA,1910,0.2646626673621979
USA,1911,0.26069813945400805
USA,1912,0.24306642323074248
USA,1913,0.25242566510172143
USA,1914,0.25242566510172143
USA,1915,0.25848982785602503
USA,1916,0.2746826638845419
USA,1917,0.26627108328986265
USA,1918,0.27812554338375933
USA,1919,0.30764214919144495
USA,1920,0.3347939488784559
USA,1921,0.3484872196139802
USA,1922,0.35768127282211787
USA,1923,0.3704094940010433
USA,1924,0.3863458528951487
USA,1925,0.40802034428794987
USA,1926,0.40802034428794987
USA,1927,0.44069292296991824
USA,1928,0.4595896365849418
USA,1929,0.4578160319944357
USA,1930,0.43105112154407926
USA,1931,0.39874804381846635
USA,1932,0.3627673448095983
USA,1933,0.33715875499913056
USA,1934,0.3251086767518693
USA,1935,0.3278994957398713
USA,1936,0.3084637454355764
USA,1937,0.3327856025039123
USA,1938,0.3327856025039123
USA,1939,0.3474265345157364
USA,1940,0.38025126065032167
USA,1941,0.3751782298730656
USA,1942,0.38056859676577987
USA,1943,0.39743088158581114
USA,1944,0.42432185706833603
USA,1945,0.45925491218918446
USA,1946,0.492509998261172
USA,1947,0.5093462006607546
USA,1948,0.5229134063641105
USA,1949,0.5064423578508086
USA,1950,0.5064423578508086
USA,1951,0.5320857242218745
USA,1952,0.544227090940706
USA,1953,0.5839766997043992
USA,1954,0.5815597287428274
USA,1955,0.581038080333855
USA,1956,0.5721961398017736
USA,1957,0.5701443227264824
USA,1958,0.5649278386367589
USA,1959,0.5607155277343071
USA,1960,0.555490349504434
USA,1961,0.5513780212137019
USA,1962,0.5513780212137019
USA,1963,0.5587723874108851
USA,1964,0.5636628412450009
USA,1965,0.57820813771518
USA,1966,0.5931664058424622
USA,1967,0.6027386541471049
USA,1968,0.6025386889236655
USA,1969,0.596604938271605
USA,1970,0.59226221526691
USA,1971,0.5848200312989045
USA,1972,0.5596374543557642
USA,1973,0.5334420100852026
USA,1974,0.5334420100852026
USA,1975,0.5258259433142062
USA,1976,0.5216005912015302
USA,1977,0.5077073552425665
USA,1978,0.4858111632759521
USA,1979,0.48681533646322384
USA,1980,0.49933489827856026
USA,1981,0.5111241523213355
USA,1982,0.520735524256651
USA,1983,0.5167057902973395
USA,1984,0.46138497652582156
USA,1985,0.3828290732046601
USA,1986,0.3828290732046601
USA,1987,0.31290210398191615
USA,1988,0.29344461832724744
USA,1989,0.2935706833594158
USA,1990,0.31576682316118937
USA,1991,0.3491001564945227
USA,1992,0.37745609459224483
USA,1993,0.3845374717440445
USA,1994,0.38135541644931314
USA,1995,0.39806990088680233
USA,1996,0.43296817944705274
USA,1997,0.4699660928534168
USA,1998,0.4699660928534168
USA,1999,0.4892801251956181
USA,2000,0.49806990088680225
USA,2001,0.4981090245174752
USA,2002,0.4898539384454878
USA,2003,0.47343940184315775
USA,2004,0.453434185359068
USA,2005,0.41965745087810813
USA,2006,0.3824074074074074
USA,2007,0.3579160146061555
USA,2008,0.331168492436098
USA,2009,0.31408450704225355
USA,2010,0.31408450704225355
USA,2011,0.32643453312467396
USA,2012,0.36757955138236825
USA,2013,0.4115675534689619
USA,2014,0.4214267083985394
USA,2015,0.4283168144670493
USA,2016,0.43005129542688225
USA,2017,0.43511128499391405
USA,2018,0.4416797078768909
USA,2019,0.44947835159102767
USA,2020,0.45858111632759524
USA,2021,0.4614045383411581
